index,title,file,source_pages,page_count
0,Front Matter,000_Front_Matter.pdf,"1, 2, 3",3
1,[Show Text],001_Show_Text.pdf,3,1
2,[Display Text Settings],002_Display_Text_Settings.pdf,"3, 4",2
3,[Change Faceset],003_Change_Faceset.pdf,"4, 5",2
4,[Show Choices],004_Show_Choices.pdf,5,1
5,[Input Number],005_Input_Number.pdf,6,1
6,[Control Switches],006_Control_Switches.pdf,6,1
7,[Control Variables],007_Control_Variables.pdf,"7, 8",2
8,[Control Timer],008_Control_Timer.pdf,"8, 9",2
9,[Change Gold],009_Change_Gold.pdf,"9, 10",2
10,[Change Items],010_Change_Items.pdf,10,1
11,[Change Party Member],011_Change_Party_Member.pdf,"10, 11",2
12,[Change EXP],012_Change_EXP.pdf,"11, 12",2
13,[Change Level],013_Change_Level.pdf,12,1
14,[Change Parameters],014_Change_Parameters.pdf,13,1
15,[Change Skills],015_Change_Skills.pdf,"13, 14",2
16,[Change Equipment],016_Change_Equipment.pdf,"14, 15",2
17,[Change HP],017_Change_HP.pdf,"15, 16",2
18,[Change MP],018_Change_MP.pdf,"16, 17",2
19,[Change State],019_Change_State.pdf,"17, 18",2
20,[Recover All],020_Recover_All.pdf,18,1
21,[Damage Processing],021_Damage_Processing.pdf,"18, 19",2
22,[Change Actor Name],022_Change_Actor_Name.pdf,19,1
23,[Change Actor Nickname],023_Change_Actor_Nickname.pdf,"19, 20",2
24,[Change Actor Graphic],024_Change_Actor_Graphic.pdf,20,1
25,[Change Actor Faceset],025_Change_Actor_Faceset.pdf,21,1
26,[Change Vehicle Graphic],026_Change_Vehicle_Graphic.pdf,"21, 22",2
27,[Change System BGM],027_Change_System_BGM.pdf,"22, 23",2
28,[Change System SE],028_Change_System_SE.pdf,"23, 24",2
29,[Change System Graphic],029_Change_System_Graphic.pdf,"24, 25",2
30,[Change Screen Transition],030_Change_Screen_Transition.pdf,25,1
31,[Battle Processing],031_Battle_Processing.pdf,"25, 26",2
32,[Shop Processing],032_Shop_Processing.pdf,"26, 27",2
33,[Inn Processing],033_Inn_Processing.pdf,"27, 28",2
34,[Name Input Processing],034_Name_Input_Processing.pdf,28,1
35,[Transfer Player],035_Transfer_Player.pdf,"28, 29",2
36,[Get Player Location],036_Get_Player_Location.pdf,29,1
37,[Move to Variable Location],037_Move_to_Variable_Location.pdf,"29, 30",2
38,[Get On/Off Vehicle],038_Get_On_Off_Vehicle.pdf,30,1
39,[Set Vehicle Location],039_Set_Vehicle_Location.pdf,"30, 31",2
40,[Set Event Location],040_Set_Event_Location.pdf,"31, 32",2
41,[Swap Event Location],041_Swap_Event_Location.pdf,"32, 33",2
42,[Get Terrain ID],042_Get_Terrain_ID.pdf,"33, 34",2
43,[Get Event ID],043_Get_Event_ID.pdf,"34, 35",2
44,[Hide Screen],044_Hide_Screen.pdf,35,1
45,[Show Screen],045_Show_Screen.pdf,"35, 36",2
46,[Tint Screen],046_Tint_Screen.pdf,36,1
47,[Flash Screen],047_Flash_Screen.pdf,"36, 37",2
48,[Shake Screen],048_Shake_Screen.pdf,"37, 38",2
49,[Scroll Map],049_Scroll_Map.pdf,"38, 39",2
50,[Set Weather Effects],050_Set_Weather_Effects.pdf,39,1
51,[Show Picture],051_Show_Picture.pdf,"39, 40, 41, 42",4
52,[Move Picture],052_Move_Picture.pdf,"42, 43",2
53,[Erase Picture],053_Erase_Picture.pdf,43,1
54,[Show Animation],054_Show_Animation.pdf,"43, 44",2
55,[Show Animation],055_Show_Animation.pdf,44,1
56,[Flash Event],056_Flash_Event.pdf,"44, 45",2
57,[Move Event],057_Move_Event.pdf,45,1
58,[Wait for All Movement],058_Wait_for_All_Movement.pdf,45,1
59,[Stop All Movement],059_Stop_All_Movement.pdf,46,1
60,[Wait],060_Wait.pdf,46,1
61,[Play BGM],061_Play_BGM.pdf,"46, 47",2
62,[Fadeout BGM],062_Fadeout_BGM.pdf,47,1
63,[Memorize Current BGM],063_Memorize_Current_BGM.pdf,48,1
64,[Play Memorized BGM],064_Play_Memorized_BGM.pdf,48,1
65,[Play SE],065_Play_SE.pdf,"48, 49",2
66,[Play Movie],066_Play_Movie.pdf,49,1
67,[Key Input Processing],067_Key_Input_Processing.pdf,"49, 50, 51",3
68,[Change Tileset],068_Change_Tileset.pdf,51,1
69,[Change Parallax Back],069_Change_Parallax_Back.pdf,"51, 52",2
70,[Set Encounter Rate],070_Set_Encounter_Rate.pdf,52,1
71,[Change Tile],071_Change_Tile.pdf,"52, 53",2
72,[Set Teleportation Point],072_Set_Teleportation_Point.pdf,"53, 54",2
73,[Teleportation On/Off],073_Teleportation_On_Off.pdf,54,1
74,[Set Escape Location],074_Set_Escape_Location.pdf,55,1
75,[Change Escape Access],075_Change_Escape_Access.pdf,"55, 56",2
76,[Open Save Menu],076_Open_Save_Menu.pdf,56,1
77,[Change Save Access],077_Change_Save_Access.pdf,56,1
78,[Open Menu Screen],078_Open_Menu_Screen.pdf,56,1
79,[Change Menu Access],079_Change_Menu_Access.pdf,57,1
80,[Conditional Branch],080_Conditional_Branch.pdf,"57, 58, 59",3
81,[Label],081_Label.pdf,59,1
82,[Jump to Label],082_Jump_to_Label.pdf,"59, 60",2
83,[Loop],083_Loop.pdf,60,1
84,[Break Loop],084_Break_Loop.pdf,60,1
85,[End Event Processing],085_End_Event_Processing.pdf,60,1
86,[Erase Event],086_Erase_Event.pdf,60,1
87,[Call Event],087_Call_Event.pdf,61,1
88,[Comment],088_Comment.pdf,61,1
89,[Game Over],089_Game_Over.pdf,62,1
90,[Return to Title Screen],090_Return_to_Title_Screen.pdf,62,1
91,[Change Actor Class],091_Change_Actor_Class.pdf,"62, 63",2
92,[Change Battle Commands],092_Change_Battle_Commands.pdf,63,1
93,[Open Load Menu],093_Open_Load_Menu.pdf,63,1
94,[Exit Game],094_Exit_Game.pdf,63,1
95,[Toggle ATB Wait Mode],095_Toggle_ATB_Wait_Mode.pdf,64,1
96,[Toggle Fullscreen Mode],096_Toggle_Fullscreen_Mode.pdf,64,1
97,[Open Video Options],097_Open_Video_Options.pdf,64,1
98,[Change Enemy HP],098_Change_Enemy_HP.pdf,"64, 65",2
99,[Change Enemy MP],099_Change_Enemy_MP.pdf,65,1
100,[Change Enemy State],100_Change_Enemy_State.pdf,"65, 66",2
101,[Enemy Encounter],101_Enemy_Encounter.pdf,66,1
102,[Change Battleback],102_Change_Battleback.pdf,66,1
103,[Show Animation],103_Show_Animation.pdf,"66, 67",2
104,[Battle Events],104_Battle_Events.pdf,"67, 68, 69",3
105,[Abort Battle],105_Abort_Battle.pdf,69,1
106,[Call Common Event],106_Call_Common_Event.pdf,69,1
107,[Force Escape],107_Force_Escape.pdf,"69, 70",2
108,[Action Times +],108_Action_Times.pdf,70,1
