scripts/qa/spatial-geography-contract.mts	86
src/editor/spatial/compileConnections.ts	52
src/editor/spatial/compileSpatialOccurrence.ts	81
src/editor/spatial/overviewEntries.ts	67
src/editor/spatial/placeOwnership.ts	43
src/project/io/shape.ts	556
src/project/spatial/duplicate.ts	67
src/project/spatial/guardValues.ts	72
src/project/spatial/guards.ts	194
src/project/spatial/instances.ts	60
src/project/spatial/overview.ts	67
src/project/spatial/overviewOwnership.ts	67
src/project/spatial/overviewPairs.ts	52
src/project/spatial/overviewReferences.ts	49
src/project/spatial/ownership.ts	112
src/project/spatial/references.ts	226
src/project/spatial/types.ts	167
test/spatialConnectionOwnership.test.ts	153
test/spatialOverviewBoundary.test.ts	90
test/spatialOverviewCompatibility.test.ts	85
test/spatialOverviewContract.test.ts	29
test/spatialOverviewForgery.test.ts	66
test/spatialOverviewIdentity.test.ts	68
test/spatialOverviewLifecycle.test.ts	91
test/spatialOverviewShared.test.ts	64
test/spatialOverviewWorld.test.ts	116
test/support/spatialGeographyFixture.ts	47
test/support/spatialGeographyOutputContract.ts	83
test/support/spatialOverviewArchived.ts	25
test/support/spatialOverviewFixture.ts	60
test/support/spatialOverviewShared.ts	63
