archive,download_url,member,bytes,sha256,extracted,width,height,category
set-mansion-in.zip,https://yms.main.jp/dotartworld/sozai/tileset/pack/set-mansion-in.zip,set-mansion-in.png,96339,e1d01b870f2946ef0076f3c4908d5df013b4e9ebed785dbf4404ef94f37284d8,True,1440,1760,tileset
autotile-old.zip,https://yms.main.jp/dotartworld/sozai/autotile2/autotile-old.zip,autotile/autotile2/SA-GroundG01.png,966,b3391e95c4e2dc81f5f08514f8b407727fa3f80bf021974730028c411d6a8c45,True,96,128,autotile
autotile-old.zip,https://yms.main.jp/dotartworld/sozai/autotile2/autotile-old.zip,autotile/autotile2/SA-GroundG02.png,5382,f498e1e462768f7a033c846852f88bbe97947d045585dfeb8cd26fc7b9c911a2,True,96,128,autotile
autotile-old.zip,https://yms.main.jp/dotartworld/sozai/autotile2/autotile-old.zip,autotile/autotile2/SA-GroundG03.png,3826,a203f079c921096fcd32f11362bbd2e3655a4c5593c6c29fe473875d31017736,True,96,128,autotile
autotile-old.zip,https://yms.main.jp/dotartworld/sozai/autotile2/autotile-old.zip,autotile/autotile2/SA-GroundG04.png,3618,a46f40cf4b95631903da122862e75483e0b178597f5531f9a874c7ed4bfe0820,True,96,128,autotile
autotile-old.zip,https://yms.main.jp/dotartworld/sozai/autotile2/autotile-old.zip,autotile/autotile2/SA-GroundG05.png,3372,de4b193908be878d3814f433918e070190089b36dcc768cce03e00679203f37c,True,96,128,autotile
autotile-old.zip,https://yms.main.jp/dotartworld/sozai/autotile2/autotile-old.zip,autotile/autotile2/WSA-GroundG01.png,1415,9ffe256dd12876f36a16052ba3d2cce1150da13097acac83f9196d15abb3e167,True,32,160,autotile
autotile-old.zip,https://yms.main.jp/dotartworld/sozai/autotile2/autotile-old.zip,autotile/autotile2/WSA-GroundG02.png,5126,aab31b8b861685bac9325b0b2a8a42d6a928d232a7128c2ec56bfaa749b68ba7,True,32,160,autotile
autotile-old.zip,https://yms.main.jp/dotartworld/sozai/autotile2/autotile-old.zip,autotile/autotile2/WSA-GroundG03.png,4166,e5ad00804ba668b66872e231de05fb9101b5d45c827558711e507410bd57fe9a,True,32,160,autotile
autotile-old.zip,https://yms.main.jp/dotartworld/sozai/autotile2/autotile-old.zip,autotile/autotile2/WSA-GroundG04.png,3947,590f0b3c8c36d3d046340227b785fdd918cf13497261dfab2467543ba4815a47,True,32,160,autotile
autotile-old.zip,https://yms.main.jp/dotartworld/sozai/autotile2/autotile-old.zip,autotile/autotile2/WSA-GroundG05.png,3607,d20657f14531d73113f399be272f25cd26f653b84b8700deb3a8936262d8d11f,True,32,160,autotile
autotile-old.zip,https://yms.main.jp/dotartworld/sozai/autotile2/autotile-old.zip,autotile/SA-BorderG01.png,1383,f3755cd0c2b6b02a9c162222585b6b3bcceb44f6195a997122b755459fe3da59,True,96,128,autotile
autotile-old.zip,https://yms.main.jp/dotartworld/sozai/autotile2/autotile-old.zip,autotile/SA-BorderG02.png,2007,1253705a8d7808bb190c277516f408d6009338b9f846b8ceffb2f1ec7d29d790,True,96,128,autotile
autotile-old.zip,https://yms.main.jp/dotartworld/sozai/autotile2/autotile-old.zip,autotile/SA-BorderG03.png,1293,78e9cebda478435e89f0bd8d94beaaf56e426e1f68ccb948edb910eb3362daab,True,96,128,autotile
autotile-old.zip,https://yms.main.jp/dotartworld/sozai/autotile2/autotile-old.zip,autotile/SA-BorderG04.png,2377,83b7481d8ec647716357da0227fa13a69dd68ab0bff88130af11dc5afcf91a54,True,96,128,autotile
autotile-old.zip,https://yms.main.jp/dotartworld/sozai/autotile2/autotile-old.zip,autotile/SA-BorderG05.png,1677,98f35c4a17f49124b746f98cd0b2c56c6e9860795c1dbacfdcfae1093f383c6c,True,96,128,autotile
autotile-old.zip,https://yms.main.jp/dotartworld/sozai/autotile2/autotile-old.zip,autotile/SA-Carpet01.png,434,b8991a5b9efbf4bd806cd2bf282d6bd0452496dfecea722f103b964233ab21c3,True,96,128,autotile
autotile-old.zip,https://yms.main.jp/dotartworld/sozai/autotile2/autotile-old.zip,autotile/SA-Carpet02.png,423,f8828aeb938da60504f94c515e05aa0115c64d6f5eed01a443d9ec9e0a21935a,True,96,128,autotile
autotile-old.zip,https://yms.main.jp/dotartworld/sozai/autotile2/autotile-old.zip,autotile/SA-Carpet03.png,434,6b194460c767ab0d97d5987623ece3fed9fe41ea0dee249e0ad0e2406def83a6,True,96,128,autotile
autotile-old.zip,https://yms.main.jp/dotartworld/sozai/autotile2/autotile-old.zip,autotile/SA-Carpet04.png,485,77910ff16d3f72ad5b39924b7a7e98076f758e13ab2878c7730442ce248b88fa,True,96,128,autotile
autotile-old.zip,https://yms.main.jp/dotartworld/sozai/autotile2/autotile-old.zip,autotile/SA-Carpet05.png,434,2ac74ea68a1f00c80521242421df2f4342780884d3266540c0ad50c871666b5f,True,96,128,autotile
autotile-old.zip,https://yms.main.jp/dotartworld/sozai/autotile2/autotile-old.zip,autotile/SA-Carpet06.png,827,46e86f0e79c075978356eebb941ac3605a6e0df5372444ec09e8661778328854,True,96,128,autotile
autotile-old.zip,https://yms.main.jp/dotartworld/sozai/autotile2/autotile-old.zip,autotile/SA-Carpet07.png,812,9ecbc2432d31a804be46bf0580f9d37807ca5560cc9a9994b858d2463eb42d4b,True,96,128,autotile
autotile-old.zip,https://yms.main.jp/dotartworld/sozai/autotile2/autotile-old.zip,autotile/SA-Carpet08.png,827,0d9e2c378202c719d290dbdc5697956b45bd8c1daab443500ac2dde3b5645368,True,96,128,autotile
autotile-old.zip,https://yms.main.jp/dotartworld/sozai/autotile2/autotile-old.zip,autotile/SA-Carpet08ST.png,666,9f0dd0fae6383d793491b676b84914b4e27908faed3ea0e775a1c7ccb792dd88,True,96,128,autotile
autotile-old.zip,https://yms.main.jp/dotartworld/sozai/autotile2/autotile-old.zip,autotile/SA-Carpet09.png,827,ff5ae80c4eb7c901ecc2d0326aac9b0af1baae372c652ace218b428bf6df9a6f,True,96,128,autotile
autotile-old.zip,https://yms.main.jp/dotartworld/sozai/autotile2/autotile-old.zip,autotile/SA-Carpet09ST.png,666,11c2b9245f0b6e29c38a341d0fde6e8bbb09becd33bd96f79e2f155135759c65,True,96,128,autotile
autotile-old.zip,https://yms.main.jp/dotartworld/sozai/autotile2/autotile-old.zip,autotile/SA-Carpet10.png,629,9ee0dbb6c712bd5f6189e33c1dc56e4b3542946286679b5500e1c1bac07a9f11,True,96,128,autotile
autotile-old.zip,https://yms.main.jp/dotartworld/sozai/autotile2/autotile-old.zip,autotile/SA-Carpet11.png,614,7a0710a2b93af6189a1b8e0b75c126c6baa1452bb25a8547c4374ead5d7b35dc,True,96,128,autotile
autotile-old.zip,https://yms.main.jp/dotartworld/sozai/autotile2/autotile-old.zip,autotile/SA-Carpet12.png,614,c477c757d2185c9eb685f06614a8a8475f3cb9df74fc1114663cecfa0f4c508b,True,96,128,autotile
autotile-old.zip,https://yms.main.jp/dotartworld/sozai/autotile2/autotile-old.zip,autotile/SA-Cartain01.png,965,eee762c26f2564455fe7ef8083cb3c86b8302f5e7a513decf785063e8ea7f50e,True,96,128,autotile
autotile-old.zip,https://yms.main.jp/dotartworld/sozai/autotile2/autotile-old.zip,autotile/SA-Cartain02.png,965,f690a42402c4343d505ea4693a26274f3642a34c2fe34cdc0698c158295d7354,True,96,128,autotile
autotile-old.zip,https://yms.main.jp/dotartworld/sozai/autotile2/autotile-old.zip,autotile/SA-Concrete01.png,1895,7e490718dbf6ad39953fb291ac957b3167150ea4e326621182bf9dc7a0ee65ce,True,96,128,autotile
autotile-old.zip,https://yms.main.jp/dotartworld/sozai/autotile2/autotile-old.zip,autotile/SA-Concrete02.png,741,d3d589e1215cdcca23b17c4a2654d907cd5171e03eb5ec4d23d9ec602a726cad,True,96,128,autotile
autotile-old.zip,https://yms.main.jp/dotartworld/sozai/autotile2/autotile-old.zip,autotile/SA-Concrete03.png,970,016edc7b7572e20684cfa259e383312619d7ed4d52b55db3d4bb44b67c6aa1c0,True,96,128,autotile
autotile-old.zip,https://yms.main.jp/dotartworld/sozai/autotile2/autotile-old.zip,autotile/SA-Ditch01.png,4112,ce6b06ca456e3bae08680d1fb6dad2eada83c9ab78bfdd1fd5895be7a9b9b7dc,True,384,128,autotile
autotile-old.zip,https://yms.main.jp/dotartworld/sozai/autotile2/autotile-old.zip,autotile/SA-Ditch02.png,7081,1807918dbe8edb5cc53cf4415d6a01939343992dde376733d59671256ed4a9cc,True,384,128,autotile
autotile-old.zip,https://yms.main.jp/dotartworld/sozai/autotile2/autotile-old.zip,autotile/SA-Ditch03.png,7061,96e87341f368f714ae6f425e707bebec851a09a7bd409ab76736a8705fcb3efc,True,384,128,autotile
autotile-old.zip,https://yms.main.jp/dotartworld/sozai/autotile2/autotile-old.zip,autotile/SA-Ditch04.png,6960,3dc2947162346fee2479d107ddc071c8c0c025526271d3461c5ffc2b3c5ca809,True,384,128,autotile
autotile-old.zip,https://yms.main.jp/dotartworld/sozai/autotile2/autotile-old.zip,autotile/SA-Dway01.png,299,80110c41f17f349bd762dc5c5e9a3bf55f5eb60e7ee8daa11947c95999cf5d74,True,96,128,autotile
autotile-old.zip,https://yms.main.jp/dotartworld/sozai/autotile2/autotile-old.zip,autotile/SA-Dway02.png,459,451daedeab8e739a683202d6c1c563f4a6fcd452785c591839dbbd929509998f,True,96,128,autotile
autotile-old.zip,https://yms.main.jp/dotartworld/sozai/autotile2/autotile-old.zip,autotile/SA-Dway03.png,415,e2dd3bbd80898b0ff97f8201df693862234a6debb07227a72b52cf8d7a0183e0,True,96,128,autotile
autotile-old.zip,https://yms.main.jp/dotartworld/sozai/autotile2/autotile-old.zip,autotile/SA-Dway04.png,300,c556bf8db2a7c0c89168c18d657747c2a9303b591a909662d6fdb4a1705d93a4,True,96,128,autotile
autotile-old.zip,https://yms.main.jp/dotartworld/sozai/autotile2/autotile-old.zip,autotile/SA-Dway05.png,459,7a5e91a10c19ec70e250baa962960785cf4dc22b64780d157659c3420ef3e6a0,True,96,128,autotile
autotile-old.zip,https://yms.main.jp/dotartworld/sozai/autotile2/autotile-old.zip,autotile/SA-Dway06.png,409,7c99d41b353e93af972a331fe2a2a758fdf8d006c6ef7a88b16679ff7874abeb,True,96,128,autotile
autotile-old.zip,https://yms.main.jp/dotartworld/sozai/autotile2/autotile-old.zip,autotile/SA-DwayEX01.png,878,bafe03e12b7a9efae447f749b8bfd3c7e1c99b12a1d997caebcc83f268c2e047,True,96,128,autotile
autotile-old.zip,https://yms.main.jp/dotartworld/sozai/autotile2/autotile-old.zip,autotile/SA-Floor01.png,482,07ffb846c7f174a9265fb2ac0b348a47fc93e24a12415419664ea77f2d341f4a,True,96,128,autotile
autotile-old.zip,https://yms.main.jp/dotartworld/sozai/autotile2/autotile-old.zip,autotile/SA-Floor02.png,1365,71649fa46885b07a21c03fb2f08bdd011652ab9185275c90e48f22a8c523b406,True,96,128,autotile
autotile-old.zip,https://yms.main.jp/dotartworld/sozai/autotile2/autotile-old.zip,autotile/SA-Floor03.png,413,d1cb6c161386034addad3abd9669fee43269bf2326b58ef25600bc76f17e5e12,True,96,128,autotile
autotile-old.zip,https://yms.main.jp/dotartworld/sozai/autotile2/autotile-old.zip,autotile/SA-Floor04.png,413,889012989061b3a3f00aa10a054196db01aef84984c0a7db107a029fe779fc95,True,96,128,autotile
autotile-old.zip,https://yms.main.jp/dotartworld/sozai/autotile2/autotile-old.zip,autotile/SA-Floor05.png,416,eee3d654d4f1978c99ab291b9cef9c8e54de3f43e413d8465b33aa9152d626f4,True,96,128,autotile
autotile-old.zip,https://yms.main.jp/dotartworld/sozai/autotile2/autotile-old.zip,autotile/SA-Floor06.png,416,253dae0747db3e805e2e8f320546136118e663de06842771eec0614cce839073,True,96,128,autotile
autotile-old.zip,https://yms.main.jp/dotartworld/sozai/autotile2/autotile-old.zip,autotile/SA-Floor-M01.png,649,5314962bc1e81565813860ff1fe122fd320f6b3eabc18e205cf656f271221f08,True,96,128,autotile
autotile-old.zip,https://yms.main.jp/dotartworld/sozai/autotile2/autotile-old.zip,autotile/SA-Floor-T01.png,434,c810e1a36f668ad0250f060eed2851cc7f0faa77fc3742126e62bfc3b13681ae,True,96,128,autotile
autotile-old.zip,https://yms.main.jp/dotartworld/sozai/autotile2/autotile-old.zip,autotile/SA-Floor-T02.png,434,32a31deea040395612455d75a9a78d0d0963d1a1c405226a860832dbf0e12acb,True,96,128,autotile
autotile-old.zip,https://yms.main.jp/dotartworld/sozai/autotile2/autotile-old.zip,autotile/SA-Floor-T03.png,1765,e822fd398149740720105a70f63becd3071674f1b5e3048a4ae8243455e038c4,True,96,128,autotile
autotile-old.zip,https://yms.main.jp/dotartworld/sozai/autotile2/autotile-old.zip,autotile/SA-Floor-T04.png,790,36e7379aac03b503961f8f20147f9d782429e371121a0f09b1b0bac084d9a07c,True,96,128,autotile
autotile-old.zip,https://yms.main.jp/dotartworld/sozai/autotile2/autotile-old.zip,autotile/SA-Floor-T05.png,794,733c83ec3c6df090ee678105b070d8f3c8ac8625abbffc8dccdfef5c94c0f610,True,96,128,autotile
autotile-old.zip,https://yms.main.jp/dotartworld/sozai/autotile2/autotile-old.zip,autotile/SA-Flower01.png,1938,c565d31eb35a054e9475ab7cf9ee4652fe2dff4f7fabb780206fb391f7049d83,True,96,128,autotile
autotile-old.zip,https://yms.main.jp/dotartworld/sozai/autotile2/autotile-old.zip,autotile/SA-Fur01.png,4183,89dd227bcf22f5e1f8b977df357a3790890ab9cb1923821d4e6e198c7f9b8e56,True,96,128,autotile
autotile-old.zip,https://yms.main.jp/dotartworld/sozai/autotile2/autotile-old.zip,autotile/SA-Fur02.png,4405,8f022a51968f24140fc0c7dd107583aa48760837fff37d52426a0a7b71ba1d42,True,96,128,autotile
autotile-old.zip,https://yms.main.jp/dotartworld/sozai/autotile2/autotile-old.zip,autotile/SA-Fur03.png,2054,d64cf199977c60817a78c4699640f182fa631ce4c519067bb4188c96a0a229d2,True,96,128,autotile
autotile-old.zip,https://yms.main.jp/dotartworld/sozai/autotile2/autotile-old.zip,autotile/SA-Grass01.png,2037,8eff2ed1baa524aa46a1b372fe0eaefd3740455e538d0d6e44765b4e8a03bf0d,True,96,128,autotile
autotile-old.zip,https://yms.main.jp/dotartworld/sozai/autotile2/autotile-old.zip,autotile/SA-Grass02.png,1668,5dec60e40483cf40e0eaef4b4efa40ff1f794be4f5c5d9536a543cc5936d5e7e,True,96,128,autotile
autotile-old.zip,https://yms.main.jp/dotartworld/sozai/autotile2/autotile-old.zip,autotile/SA-Grass03.png,683,8e2cce412c83089ff581b5f26f91026a83f44785422043cc5a5f74cdcd9ed1d9,True,96,128,autotile
autotile-old.zip,https://yms.main.jp/dotartworld/sozai/autotile2/autotile-old.zip,autotile/SA-Grass04.png,2037,1d4dac9b43c4f0f3b43f4bcaef596b90f18187fe705a31a9e7729b4107d8c6d0,True,96,128,autotile
autotile-old.zip,https://yms.main.jp/dotartworld/sozai/autotile2/autotile-old.zip,autotile/SA-Grass05.png,1661,67f03736937a4771f635b1c6e7671c18bf4652181a0e7dbcbc4bdf95c3c105d6,True,96,128,autotile
autotile-old.zip,https://yms.main.jp/dotartworld/sozai/autotile2/autotile-old.zip,autotile/SA-Grass06.png,683,5a51842fde6a0e4d210a1a1e431a510f8e199ee617c62864037831a3c61559dd,True,96,128,autotile
autotile-old.zip,https://yms.main.jp/dotartworld/sozai/autotile2/autotile-old.zip,autotile/SA-Grass07.png,2960,209143825e33d01242b78e2c6f48ce158977b3b6d61cf1ed78cd4e9f1254a3df,True,96,128,autotile
autotile-old.zip,https://yms.main.jp/dotartworld/sozai/autotile2/autotile-old.zip,autotile/SA-Grass08.png,2848,018ba6018e8eb34652160911acbf308a20a3fb3f2210993e9fb5ce1931089bfd,True,96,128,autotile
autotile-old.zip,https://yms.main.jp/dotartworld/sozai/autotile2/autotile-old.zip,autotile/SA-Grass09.png,2060,e917b6a400eb848b0fe9991cdb24755d19c5cc4f7f39f53407a79b1c36dc9c4a,True,96,128,autotile
autotile-old.zip,https://yms.main.jp/dotartworld/sozai/autotile2/autotile-old.zip,autotile/SA-Grass10.png,3023,87477d62fcc1caa161687cd75fc20800fa6b485d1d033d1fd272ba02a661de50,True,96,128,autotile
autotile-old.zip,https://yms.main.jp/dotartworld/sozai/autotile2/autotile-old.zip,autotile/SA-Grass11.png,2964,d12275b3478b53eb2659336b768f02b97f239aef3ee2af90626366d1cfdd21c1,True,96,128,autotile
autotile-old.zip,https://yms.main.jp/dotartworld/sozai/autotile2/autotile-old.zip,autotile/SA-Grass12.png,2122,5319698f62b45d2225389df799b3b0bb082aecb8a48abc4181b6ecc6fb4be6a4,True,96,128,autotile
autotile-old.zip,https://yms.main.jp/dotartworld/sozai/autotile2/autotile-old.zip,autotile/SA-Ground-St01.png,2569,3c58bf2cbb8b3574221c3f905fec06d51b56d9b77c1a97ec1d98bb773212a78d,True,96,128,autotile
autotile-old.zip,https://yms.main.jp/dotartworld/sozai/autotile2/autotile-old.zip,autotile/SA-Hatake01.png,3606,601dffba47c08dba8a830022c311ca737ffa7342125e73cc3b35ffc0dab0cf37,True,96,128,autotile
autotile-old.zip,https://yms.main.jp/dotartworld/sozai/autotile2/autotile-old.zip,autotile/SA-Ivy01.png,1691,3b16a7750e783b4ad20bf73f7830ccb3096c130af967f668e03324d45ba12948,True,96,128,autotile
autotile-old.zip,https://yms.main.jp/dotartworld/sozai/autotile2/autotile-old.zip,autotile/SA-Kadan01.png,2077,bc7093707fe1b85ad1755b236531fe26b46f83f21cae463773f2668481ecfdc4,True,96,128,autotile
autotile-old.zip,https://yms.main.jp/dotartworld/sozai/autotile2/autotile-old.zip,autotile/SA-Kadan02.png,3195,528e03ec21b9e2395d7263c57649dff4eef5a075d34949bb5b4338570488f26b,True,96,128,autotile
autotile-old.zip,https://yms.main.jp/dotartworld/sozai/autotile2/autotile-old.zip,autotile/SA-Kotatsu01.png,711,16376c2e6dff8aa51f74d43d9bc3db24c300f13586482cce9f5b866828e9dd35,True,96,128,autotile
autotile-old.zip,https://yms.main.jp/dotartworld/sozai/autotile2/autotile-old.zip,autotile/SA-Kotatsu02.png,718,64d84e0abe9969f4db1e78fd4f5f1150ad9e1a0660352186ff01b33f73a355c6,True,96,128,autotile
autotile-old.zip,https://yms.main.jp/dotartworld/sozai/autotile2/autotile-old.zip,autotile/SA-Kyodan01.png,1104,9f2cadd502a10b79d30a2b42665f778c3c85d5e02f9633d46b1bb6348169777f,True,96,128,autotile
autotile-old.zip,https://yms.main.jp/dotartworld/sozai/autotile2/autotile-old.zip,autotile/SA-Mapbase01.png,512,9860eadd7c36dce26e4b75cff9061281e47b0dc5f08198b2c8a8e2629485b970,True,96,128,autotile
autotile-old.zip,https://yms.main.jp/dotartworld/sozai/autotile2/autotile-old.zip,autotile/SA-Mapbase02.png,516,10ae6f8f48cf13787ef69814062a049c36ec9e869543ac96cd3ae1ade97925b5,True,96,128,autotile
autotile-old.zip,https://yms.main.jp/dotartworld/sozai/autotile2/autotile-old.zip,autotile/SA-Mapbase03.png,516,e6f257f9f8b557a930aae85f08d08dc17e9a19193bcd13822c379a851dc01e8a,True,96,128,autotile
autotile-old.zip,https://yms.main.jp/dotartworld/sozai/autotile2/autotile-old.zip,autotile/SA-MapbaseF01.png,5834,c1c832a25c4b0d5aa172af863ee83018a607f71500f8e79f0ef2d059ae8c661c,True,96,128,autotile
autotile-old.zip,https://yms.main.jp/dotartworld/sozai/autotile2/autotile-old.zip,autotile/SA-MapbaseF04.png,8385,a705e93d99d49f6846472e2389c3fb4f9f566b8d627be3d8d183bb2a3bf9b0b8,True,96,128,autotile
autotile-old.zip,https://yms.main.jp/dotartworld/sozai/autotile2/autotile-old.zip,autotile/SA-MapbaseF05.png,6648,68c4c1715d6d8960e59f38ab2343a77fc52ae85bd44702067f2f21f0d43f1515,True,96,128,autotile
autotile-old.zip,https://yms.main.jp/dotartworld/sozai/autotile2/autotile-old.zip,autotile/SA-MapbaseF06.png,3813,cf816f5bcd08f59d670437d22486b3362fdd29e8b3c398c4cd54072aeb3d234c,True,96,128,autotile
autotile-old.zip,https://yms.main.jp/dotartworld/sozai/autotile2/autotile-old.zip,autotile/SA-Map-Mountain01.png,755,9820af8eb8a4a9f8fa57dee301cea6e5e75d1b0f8b9b002c19da06ce083c8b7a,True,96,128,autotile
autotile-old.zip,https://yms.main.jp/dotartworld/sozai/autotile2/autotile-old.zip,autotile/SA-Map-Mountain02.png,823,89b9e1fdb083f31ae3251d602e72521c8192476e8b1af266765f867194c59459,True,96,128,autotile
autotile-old.zip,https://yms.main.jp/dotartworld/sozai/autotile2/autotile-old.zip,autotile/SA-Map-Mountain03.png,745,1882eac2f2153966a0ce8f58874b308029095eb72dfc98f637b3f27efc06c55a,True,96,128,autotile
autotile-old.zip,https://yms.main.jp/dotartworld/sozai/autotile2/autotile-old.zip,autotile/SA-Map-Mountain04.png,942,0ffc339a7a7fa8a2ca9695caf3c982b11fde7ca8b92322aebc0e0e577a7bdb40,True,96,128,autotile
autotile-old.zip,https://yms.main.jp/dotartworld/sozai/autotile2/autotile-old.zip,autotile/SA-Map-Mountain05.png,1001,25224cf3733f5aae1e17e5b66736e9179e0f239634b2024fcd04605321e85de2,True,96,128,autotile
autotile-old.zip,https://yms.main.jp/dotartworld/sozai/autotile2/autotile-old.zip,autotile/SA-Map-Tree01.png,1007,05d568499a6e8acbec64535cbd1c84f76f05fa0fea2eb705e4bab28b53c2f890,True,96,128,autotile
autotile-old.zip,https://yms.main.jp/dotartworld/sozai/autotile2/autotile-old.zip,autotile/SA-Map-Tree02.png,982,306416724ddac4914e51d2ccc465e5883fc077fa6a33d04a9d2007bd9508e40b,True,96,128,autotile
autotile-old.zip,https://yms.main.jp/dotartworld/sozai/autotile2/autotile-old.zip,autotile/SA-Map-water01.png,417,a4154232e612261b8019c03a400c488f0759119adbdab730e76d296ccabd3da7,True,96,128,autotile
autotile-old.zip,https://yms.main.jp/dotartworld/sozai/autotile2/autotile-old.zip,autotile/SA-Mat01.png,375,a322f549ff6b35b11532a1da51a13a51dd79ebd110a3f6af116e00e7e6893683,True,96,128,autotile
autotile-old.zip,https://yms.main.jp/dotartworld/sozai/autotile2/autotile-old.zip,autotile/SA-Moss01.png,2519,e51438a218c382b953767b5e0b7c295f6ec608cd0145a898e0388c4200ab1310,True,96,128,autotile
autotile-old.zip,https://yms.main.jp/dotartworld/sozai/autotile2/autotile-old.zip,autotile/SA-Moss02.png,3086,719bff1b200eb557a49bcfa4c96d36728b42ece5c3643b90c8e8ec8b5e13e1db,True,96,128,autotile
autotile-old.zip,https://yms.main.jp/dotartworld/sozai/autotile2/autotile-old.zip,autotile/SA-Mpbase01.png,512,9860eadd7c36dce26e4b75cff9061281e47b0dc5f08198b2c8a8e2629485b970,True,96,128,autotile
autotile-old.zip,https://yms.main.jp/dotartworld/sozai/autotile2/autotile-old.zip,autotile/SA-Mpbase02.png,516,10ae6f8f48cf13787ef69814062a049c36ec9e869543ac96cd3ae1ade97925b5,True,96,128,autotile
autotile-old.zip,https://yms.main.jp/dotartworld/sozai/autotile2/autotile-old.zip,autotile/SA-Mpbase03.png,516,e6f257f9f8b557a930aae85f08d08dc17e9a19193bcd13822c379a851dc01e8a,True,96,128,autotile
autotile-old.zip,https://yms.main.jp/dotartworld/sozai/autotile2/autotile-old.zip,autotile/SA-MpbaseFW01.png,5362,88a93f43911018463dce508e3ad7a31f455aeb21cc8480a28eacf885dbdf2bb1,True,96,128,autotile
autotile-old.zip,https://yms.main.jp/dotartworld/sozai/autotile2/autotile-old.zip,autotile/SA-MpbaseFW02.png,7972,208137f91f9c4b529445a4295096dcc6d52be6a421ad4b6205118d1193e044eb,True,96,128,autotile
autotile-old.zip,https://yms.main.jp/dotartworld/sozai/autotile2/autotile-old.zip,autotile/SA-Mpbase-FW03.png,2874,9d1c5db97e40a4891169b67106d455da5c6494ce21ff6063a3e93f1e45fe7f20,True,96,128,autotile
autotile-old.zip,https://yms.main.jp/dotartworld/sozai/autotile2/autotile-old.zip,autotile/SA-Mpbase-W01.png,417,a4154232e612261b8019c03a400c488f0759119adbdab730e76d296ccabd3da7,True,96,128,autotile
autotile-old.zip,https://yms.main.jp/dotartworld/sozai/autotile2/autotile-old.zip,autotile/SA-Mpbase-W02.png,658,bb1e191470132c51d18d76e5947a0b79f88e997a121b7217ee738dc72e919b6f,True,96,128,autotile
autotile-old.zip,https://yms.main.jp/dotartworld/sozai/autotile2/autotile-old.zip,autotile/SA-Pool01.png,2990,c5d667991f48e48c9ec3ac09ae4e072370e0d6358cc2f10452c4b8c3f9b16b17,True,96,128,autotile
autotile-old.zip,https://yms.main.jp/dotartworld/sozai/autotile2/autotile-old.zip,autotile/SA-Pool02.png,2988,014cf4fbd29c2ba9f32d53fc88fc4d123f04763f0b7c51075fc17ffdcfa97d96,True,96,128,autotile
autotile-old.zip,https://yms.main.jp/dotartworld/sozai/autotile2/autotile-old.zip,autotile/SA-Road01.png,1357,75143c8774d6bf9ede0850784c8878116f70ca08db2f8151b9a889095793c77a,True,96,128,autotile
autotile-old.zip,https://yms.main.jp/dotartworld/sozai/autotile2/autotile-old.zip,autotile/SA-Road02.png,1397,39eb3e4642f97c44d849f81815594b223b1dfb9f2edf0a6a51b50b862d0d8b1d,True,96,128,autotile
autotile-old.zip,https://yms.main.jp/dotartworld/sozai/autotile2/autotile-old.zip,autotile/SA-Roof01.png,965,15d7faf904362bb07108b2e407fb750fd242f1c7db9c4ca2f5f27f2e0aec74bb,True,96,128,autotile
autotile-old.zip,https://yms.main.jp/dotartworld/sozai/autotile2/autotile-old.zip,autotile/SA-Roof02.png,840,aeda7393c7487ad44f56349d57005c5b58419c5ac0864b566b2497850339a870,True,96,128,autotile
autotile-old.zip,https://yms.main.jp/dotartworld/sozai/autotile2/autotile-old.zip,autotile/SA-Roof03.png,2057,55d8e553744cff68e527f755b600ce978472f62c61684e127bb1da3c578d47ee,True,96,128,autotile
autotile-old.zip,https://yms.main.jp/dotartworld/sozai/autotile2/autotile-old.zip,autotile/SA-Roof04.png,1944,66339559aa492af2d0cc973c7fce0e99ff73ab031a95abcb864c3a71bc9c3a3b,True,96,128,autotile
autotile-old.zip,https://yms.main.jp/dotartworld/sozai/autotile2/autotile-old.zip,autotile/SA-Saku01.png,509,14025ba78f24984ae8e497fcda90c860795ac993999a48fcd1fe1eca48810dfb,True,96,128,autotile
autotile-old.zip,https://yms.main.jp/dotartworld/sozai/autotile2/autotile-old.zip,autotile/SA-Seawds01.png,1615,d4cbc1540c7894c1e9832d8a1d896099a764dc59f3f32721d6832a78b637c693,True,96,128,autotile
autotile-old.zip,https://yms.main.jp/dotartworld/sozai/autotile2/autotile-old.zip,autotile/SA-StFence01.png,2922,044903b00847d39b544161650ed36e27f55c9297fbe181cf944db847bc022ebe,True,96,128,autotile
autotile-old.zip,https://yms.main.jp/dotartworld/sozai/autotile2/autotile-old.zip,autotile/SA-Stone01.png,4839,f95bc27374180a08be1a20598986cbe834e96d5437898e7238d52ab92dc6da48,True,96,128,autotile
autotile-old.zip,https://yms.main.jp/dotartworld/sozai/autotile2/autotile-old.zip,autotile/SA-Sunoko01.png,1050,302b8428dad359eb59c66dc65f8e5350b92e87b11924dbf74b3c24536cfdb55e,True,96,128,autotile
autotile-old.zip,https://yms.main.jp/dotartworld/sozai/autotile2/autotile-old.zip,autotile/SA-Sunoko02.png,1122,0eb57527f3f5bc059145399cab23f66a80e10e5690fa70cb03a3262b97d4d638,True,96,128,autotile
autotile-old.zip,https://yms.main.jp/dotartworld/sozai/autotile2/autotile-old.zip,autotile/SA-Sunoko03.png,1176,3c32c8cd88efabea454916981d4aac6df62244ef386f760eac892d81a058b03d,True,96,128,autotile
autotile-old.zip,https://yms.main.jp/dotartworld/sozai/autotile2/autotile-old.zip,autotile/SA-Wall01.png,444,7732b153bd79758151858409e92b74e49176047e41d5a09f100283dc1e42d861,True,96,128,autotile
autotile-old.zip,https://yms.main.jp/dotartworld/sozai/autotile2/autotile-old.zip,autotile/SA-Wall02.png,286,682d7a80bb67179422af40e063c4d4acf474e3f7e81e78c9512f5d1c93a8016a,True,96,128,autotile
autotile-old.zip,https://yms.main.jp/dotartworld/sozai/autotile2/autotile-old.zip,autotile/SA-Wall03.png,1489,3123f01148956fa8c3cbf7d19ad9b8268fd859887d1f3230031fdfdd88b8af29,True,96,128,autotile
autotile-old.zip,https://yms.main.jp/dotartworld/sozai/autotile2/autotile-old.zip,autotile/SA-Window01.png,545,1bf360bf97d9b0079c15c61ac71b6e3ac0e84397d6d5f2e5676d312a755dca48,True,96,128,autotile
autotile-ex.zip,https://yms.main.jp/dotartworld/sozai/autotile2/autotile-ex.zip,autotile-ex/SA-Asphalt01.png,3068,ad12ed690dbdf8f8228c8dd62514463a71f091c4bab4d761abd244d5db4b4f99,True,96,128,autotile
autotile-ex.zip,https://yms.main.jp/dotartworld/sozai/autotile2/autotile-ex.zip,autotile-ex/SA-Asphalt02.png,2634,b52a639ecc8278243d594c2ab9d0341f7687e4b3b8ade8816ce0bf19f82b81cb,True,96,128,autotile
autotile-ex.zip,https://yms.main.jp/dotartworld/sozai/autotile2/autotile-ex.zip,autotile-ex/SA-AsphaltBase.png,3558,3ac2ab1dbe273efe71c09e1a0a31c11a760c364249d0aab9deaaa29fd1c55905,True,96,128,autotile
autotile-ex.zip,https://yms.main.jp/dotartworld/sozai/autotile2/autotile-ex.zip,autotile-ex/SA-AsphaltRoad01.png,523,1defffef1fe5d051ce71e8b6814dbd3b64560c930e84a284ced4255df109395f,True,96,128,autotile
autotile-ex.zip,https://yms.main.jp/dotartworld/sozai/autotile2/autotile-ex.zip,autotile-ex/SA-BSheet01.png,330,713cc77d444f48aba977b00fd1fc374480d746124a6889ae5f66a2d3278dfb09,True,96,128,autotile
autotile-ex.zip,https://yms.main.jp/dotartworld/sozai/autotile2/autotile-ex.zip,autotile-ex/SA-Concrete01.png,970,016edc7b7572e20684cfa259e383312619d7ed4d52b55db3d4bb44b67c6aa1c0,True,96,128,autotile
autotile-ex.zip,https://yms.main.jp/dotartworld/sozai/autotile2/autotile-ex.zip,autotile-ex/SA-Concrete02.png,702,5b799e358a317b29b87d1d69e0e72b2526aaf155e3770da4b57c46e7bb5a95c9,True,96,128,autotile
autotile-ex.zip,https://yms.main.jp/dotartworld/sozai/autotile2/autotile-ex.zip,autotile-ex/SA-Concrete03.png,741,d3d589e1215cdcca23b17c4a2654d907cd5171e03eb5ec4d23d9ec602a726cad,True,96,128,autotile
autotile-ex.zip,https://yms.main.jp/dotartworld/sozai/autotile2/autotile-ex.zip,autotile-ex/SA-Ditch01.png,4112,ce6b06ca456e3bae08680d1fb6dad2eada83c9ab78bfdd1fd5895be7a9b9b7dc,True,384,128,autotile
autotile-ex.zip,https://yms.main.jp/dotartworld/sozai/autotile2/autotile-ex.zip,autotile-ex/SA-Ditch02.png,7081,1807918dbe8edb5cc53cf4415d6a01939343992dde376733d59671256ed4a9cc,True,384,128,autotile
autotile-ex.zip,https://yms.main.jp/dotartworld/sozai/autotile2/autotile-ex.zip,autotile-ex/SA-Ditch03.png,7061,96e87341f368f714ae6f425e707bebec851a09a7bd409ab76736a8705fcb3efc,True,384,128,autotile
autotile-ex.zip,https://yms.main.jp/dotartworld/sozai/autotile2/autotile-ex.zip,autotile-ex/SA-Ditch04.png,6960,3dc2947162346fee2479d107ddc071c8c0c025526271d3461c5ffc2b3c5ca809,True,384,128,autotile
autotile-ex.zip,https://yms.main.jp/dotartworld/sozai/autotile2/autotile-ex.zip,autotile-ex/SA-DSRoad01.png,9579,6c0a5f24d219e3bb03097cfbf361c5a2ebc9ecf78f9a88438a3792f0b6d3720b,True,96,128,autotile
autotile-ex.zip,https://yms.main.jp/dotartworld/sozai/autotile2/autotile-ex.zip,autotile-ex/SA-DwayA01.png,299,80110c41f17f349bd762dc5c5e9a3bf55f5eb60e7ee8daa11947c95999cf5d74,True,96,128,autotile
autotile-ex.zip,https://yms.main.jp/dotartworld/sozai/autotile2/autotile-ex.zip,autotile-ex/SA-DwayA02.png,300,c556bf8db2a7c0c89168c18d657747c2a9303b591a909662d6fdb4a1705d93a4,True,96,128,autotile
autotile-ex.zip,https://yms.main.jp/dotartworld/sozai/autotile2/autotile-ex.zip,autotile-ex/SA-DwayB01.png,415,e2dd3bbd80898b0ff97f8201df693862234a6debb07227a72b52cf8d7a0183e0,True,96,128,autotile
autotile-ex.zip,https://yms.main.jp/dotartworld/sozai/autotile2/autotile-ex.zip,autotile-ex/SA-DwayB02.png,409,7c99d41b353e93af972a331fe2a2a758fdf8d006c6ef7a88b16679ff7874abeb,True,96,128,autotile
autotile-ex.zip,https://yms.main.jp/dotartworld/sozai/autotile2/autotile-ex.zip,autotile-ex/SA-DwayC01.png,459,451daedeab8e739a683202d6c1c563f4a6fcd452785c591839dbbd929509998f,True,96,128,autotile
autotile-ex.zip,https://yms.main.jp/dotartworld/sozai/autotile2/autotile-ex.zip,autotile-ex/SA-DwayC02.png,459,7a5e91a10c19ec70e250baa962960785cf4dc22b64780d157659c3420ef3e6a0,True,96,128,autotile
autotile-ex.zip,https://yms.main.jp/dotartworld/sozai/autotile2/autotile-ex.zip,autotile-ex/SA-DwayD01.png,878,bafe03e12b7a9efae447f749b8bfd3c7e1c99b12a1d997caebcc83f268c2e047,True,96,128,autotile
autotile-ex.zip,https://yms.main.jp/dotartworld/sozai/autotile2/autotile-ex.zip,autotile-ex/SA-Flower01.png,4894,bad6589aa0a5b577e87e5e1e335b33210bb50f9586978a016d162cb2a5eceb8f,True,96,128,autotile
autotile-ex.zip,https://yms.main.jp/dotartworld/sozai/autotile2/autotile-ex.zip,autotile-ex/SA-GBorderA01.png,2294,8b6daad6a51892ee50c3dd3eb595ced93e4428954483380f08481b6dc80ec0a2,True,96,128,autotile
autotile-ex.zip,https://yms.main.jp/dotartworld/sozai/autotile2/autotile-ex.zip,autotile-ex/SA-GBorderA02.png,2760,7a24cf7a6398ad1f6ccd6f57790d4487a684397c0ad969f0cabe83efd3f2f0bb,True,96,128,autotile
autotile-ex.zip,https://yms.main.jp/dotartworld/sozai/autotile2/autotile-ex.zip,autotile-ex/SA-GBorderB01.png,2641,d8687ddc3e78b75e302f7ad907fce193d72294d72a51ca560048eb5debc77409,True,96,128,autotile
autotile-ex.zip,https://yms.main.jp/dotartworld/sozai/autotile2/autotile-ex.zip,autotile-ex/SA-GBorderB02.png,3750,64062ac74e79ab7fccb291afd4f26408142d78b510ebdefbdb24b41c650dba1d,True,96,128,autotile
autotile-ex.zip,https://yms.main.jp/dotartworld/sozai/autotile2/autotile-ex.zip,autotile-ex/SA-GBorderC01.png,1383,f3755cd0c2b6b02a9c162222585b6b3bcceb44f6195a997122b755459fe3da59,True,96,128,autotile
autotile-ex.zip,https://yms.main.jp/dotartworld/sozai/autotile2/autotile-ex.zip,autotile-ex/SA-GBorderC02.png,1571,5099645c9ca3362cc1a692886eb354489b45d74bd5ceb3b6353aa0bc16564f2c,True,96,128,autotile
autotile-ex.zip,https://yms.main.jp/dotartworld/sozai/autotile2/autotile-ex.zip,autotile-ex/SA-GBorderC03.png,3447,526b8eaa252ecead2417d9799340805bb67044248da385407b33396d401991e4,True,96,128,autotile
autotile-ex.zip,https://yms.main.jp/dotartworld/sozai/autotile2/autotile-ex.zip,autotile-ex/SA-GrassC01.png,2036,707722057efcc37367c73a98cc1e78d51fb704afc9a743d03f65f56118afc97a,True,96,128,autotile
autotile-ex.zip,https://yms.main.jp/dotartworld/sozai/autotile2/autotile-ex.zip,autotile-ex/SA-GrassC02.png,1923,a09d78e5cb1997f2e8edd711732793868dee0228a9c51fc6ae932ce379c5699a,True,96,128,autotile
autotile-ex.zip,https://yms.main.jp/dotartworld/sozai/autotile2/autotile-ex.zip,autotile-ex/SA-GrassC03.png,1331,036bb7b541cd28a793125503d9db7b098879e1d366fe3c69414bcddd29f31c26,True,96,128,autotile
autotile-ex.zip,https://yms.main.jp/dotartworld/sozai/autotile2/autotile-ex.zip,autotile-ex/SA-GrassD01.png,2036,f742ce5684f839f580f2fed551c2dd094455b7d03972568525fbc8fcf9080e69,True,96,128,autotile
autotile-ex.zip,https://yms.main.jp/dotartworld/sozai/autotile2/autotile-ex.zip,autotile-ex/SA-GrassD02.png,1923,381c7aff9cb4835f9e63d30e1d6aba2ce13441ff2983a38fc4bd6825235de38d,True,96,128,autotile
autotile-ex.zip,https://yms.main.jp/dotartworld/sozai/autotile2/autotile-ex.zip,autotile-ex/SA-GrassD03.png,1334,c7553f8a6e583a8d7ce1fe1becd05671ef34e3d89ec125416bf42560c167134c,True,96,128,autotile
autotile-ex.zip,https://yms.main.jp/dotartworld/sozai/autotile2/autotile-ex.zip,autotile-ex/SA-GrassE01.png,3129,e3ed42d5e81d07a25abec24511f8c6be4ad8856ecc7bbd62a1e6987bb9565bd2,True,96,128,autotile
autotile-ex.zip,https://yms.main.jp/dotartworld/sozai/autotile2/autotile-ex.zip,autotile-ex/SA-GrassE02.png,3370,07995fa77a79f1181f6c91d3bc0eba573f6c561f8cf6b79e9c0820d1d490c9dc,True,96,128,autotile
autotile-ex.zip,https://yms.main.jp/dotartworld/sozai/autotile2/autotile-ex.zip,autotile-ex/SA-GrassE03.png,3069,42d80aa5706c9e0731847cbcccfee1fa6fdd1cb1d922dc57af83dfe2de4d3671,True,96,128,autotile
autotile-ex.zip,https://yms.main.jp/dotartworld/sozai/autotile2/autotile-ex.zip,autotile-ex/SA-GrassE04.png,5495,a5f2ec7743d4f6b297d2160237d3bec311ca8ab7e3b8fb3fe3258b67efe55ee5,True,96,128,autotile
autotile-ex.zip,https://yms.main.jp/dotartworld/sozai/autotile2/autotile-ex.zip,autotile-ex/SA-GrassE05.png,4166,7e45bf8a331251fce53effc385a85d4580ddfcc076a147790979a25cd82c4f95,True,96,128,autotile
autotile-ex.zip,https://yms.main.jp/dotartworld/sozai/autotile2/autotile-ex.zip,autotile-ex/SA-GrassE06.png,4368,e3f47c770799b1c44b91eb31c3947622a0ce4382c800d642f5c908f664237d78,True,96,128,autotile
autotile-ex.zip,https://yms.main.jp/dotartworld/sozai/autotile2/autotile-ex.zip,autotile-ex/SA-GRoad01.png,3181,065b747bc0b0562b1d1780786adfaac8338635927ea0ce5f3c9e09675eb291ce,True,96,128,autotile
autotile-ex.zip,https://yms.main.jp/dotartworld/sozai/autotile2/autotile-ex.zip,autotile-ex/SA-GRoad02.png,3605,63b35b9bc8da8f814c9fc872c7c3dfa7def7ac0a8b6767448561b09f790b31c7,True,96,128,autotile
autotile-ex.zip,https://yms.main.jp/dotartworld/sozai/autotile2/autotile-ex.zip,autotile-ex/SA-Ground01.png,10409,ec7f4f6d20889e27ae442ddb4fa9f6823b48f643abcaf31f30eb50cb6a7553ad,True,96,128,autotile
autotile-ex.zip,https://yms.main.jp/dotartworld/sozai/autotile2/autotile-ex.zip,autotile-ex/SA-Ground02.png,11491,2b794d7816e7e45cd1f3ec7d8b03364aadcd7e1905bd17585b15b15235eab19e,True,96,128,autotile
autotile-ex.zip,https://yms.main.jp/dotartworld/sozai/autotile2/autotile-ex.zip,autotile-ex/SA-Ground03.png,11021,d8bafd342b989100ee2b76cbf7a9528f4b345132b507a445147b8ad0227b5246,True,96,128,autotile
autotile-ex.zip,https://yms.main.jp/dotartworld/sozai/autotile2/autotile-ex.zip,autotile-ex/SA-GroundBase01.png,2097,df2f0cfbbbe3fac3a80c4cdedce08b57d7aa8373b457d1090f5773ac28b98b3d,True,96,128,autotile
autotile-ex.zip,https://yms.main.jp/dotartworld/sozai/autotile2/autotile-ex.zip,autotile-ex/SA-GroundG01.png,966,5fde882a88c0fa15237776b74e4ac03f5e0fb0014f5e3e3771377e22999cde7c,True,96,128,autotile
autotile-ex.zip,https://yms.main.jp/dotartworld/sozai/autotile2/autotile-ex.zip,autotile-ex/SA-GroundG02.png,5382,f498e1e462768f7a033c846852f88bbe97947d045585dfeb8cd26fc7b9c911a2,True,96,128,autotile
autotile-ex.zip,https://yms.main.jp/dotartworld/sozai/autotile2/autotile-ex.zip,autotile-ex/SA-GroundG03.png,3826,a203f079c921096fcd32f11362bbd2e3655a4c5593c6c29fe473875d31017736,True,96,128,autotile
autotile-ex.zip,https://yms.main.jp/dotartworld/sozai/autotile2/autotile-ex.zip,autotile-ex/SA-GroundG04.png,5224,db3badaa302e62a9f149086674446d94868049ea1fd77c825ac65732c97883a5,True,96,128,autotile
autotile-ex.zip,https://yms.main.jp/dotartworld/sozai/autotile2/autotile-ex.zip,autotile-ex/SA-GroundG05.png,3618,a46f40cf4b95631903da122862e75483e0b178597f5531f9a874c7ed4bfe0820,True,96,128,autotile
autotile-ex.zip,https://yms.main.jp/dotartworld/sozai/autotile2/autotile-ex.zip,autotile-ex/SA-GroundG06.png,3372,de4b193908be878d3814f433918e070190089b36dcc768cce03e00679203f37c,True,96,128,autotile
autotile-ex.zip,https://yms.main.jp/dotartworld/sozai/autotile2/autotile-ex.zip,autotile-ex/SA-GroundGS01.png,966,715ea75793300a84c2d96c6399873fc58eeb479d5b572f6f55dbb93451be837f,True,96,128,autotile
autotile-ex.zip,https://yms.main.jp/dotartworld/sozai/autotile2/autotile-ex.zip,autotile-ex/SA-GroundY01.png,5293,e551c1b70fde23a4b7f776a0da43e7d20402fdcfe9de59c18de25af694f6b786,True,96,128,autotile
autotile-ex.zip,https://yms.main.jp/dotartworld/sozai/autotile2/autotile-ex.zip,autotile-ex/SA-Hatake01.png,3655,cb33fb4239613479abb4f705faaabef10a9e940d60b349dd5a535a41f65d5da8,True,96,128,autotile
autotile-ex.zip,https://yms.main.jp/dotartworld/sozai/autotile2/autotile-ex.zip,autotile-ex/SA-Hatake02.png,3906,02042abd8b045fc5d784b0e98b21f5aff4000bedebc3b03c5a264a431447b144,True,96,128,autotile
autotile-ex.zip,https://yms.main.jp/dotartworld/sozai/autotile2/autotile-ex.zip,autotile-ex/SA-Hatake03.png,3658,f85f57fc22fb0b791b8528fb1329285750c3e85293ef9d11cdd61ddfb6fe7a69,True,96,128,autotile
autotile-ex.zip,https://yms.main.jp/dotartworld/sozai/autotile2/autotile-ex.zip,autotile-ex/SA-Hatake04.png,3673,7cbcb9991ffa4c3e576e5b149afe76c20b197b1766fc59ab19cf09ac882c1225,True,96,128,autotile
autotile-ex.zip,https://yms.main.jp/dotartworld/sozai/autotile2/autotile-ex.zip,autotile-ex/SA-Hatake05.png,3949,82aafb6427b178ad242dcd6415300b74361f314b55d303ccf695fbda58f7248e,True,96,128,autotile
autotile-ex.zip,https://yms.main.jp/dotartworld/sozai/autotile2/autotile-ex.zip,autotile-ex/SA-Hatake06.png,3788,99c3bcc6ccd4ead736b635c98c82a16ba6e24421550b0d431cff4144a8e53578,True,96,128,autotile
autotile-ex.zip,https://yms.main.jp/dotartworld/sozai/autotile2/autotile-ex.zip,autotile-ex/SA-HatakeB01.png,3867,9b12d0270dbd431b76c565e95f33ee7f51f9606415edfe3ecfcef92eb1c3b099,True,96,128,autotile
autotile-ex.zip,https://yms.main.jp/dotartworld/sozai/autotile2/autotile-ex.zip,autotile-ex/SA-HatakeB02.png,3909,da57b8718ee974a9482dcde762183a64e5925a07d3792f165c4e17a12bfcfff1,True,96,128,autotile
autotile-ex.zip,https://yms.main.jp/dotartworld/sozai/autotile2/autotile-ex.zip,autotile-ex/SA-HatakeB03.png,3921,a9b9ce37b9280984c5e3426157aeb716d693c089cd1999313d80dde56489d5a0,True,96,128,autotile
autotile-ex.zip,https://yms.main.jp/dotartworld/sozai/autotile2/autotile-ex.zip,autotile-ex/SA-HatakeB04.png,3853,01466cdfed00529581f8c14ba6b4f188212c07992cde88dddef7effb14ef0b78,True,96,128,autotile
autotile-ex.zip,https://yms.main.jp/dotartworld/sozai/autotile2/autotile-ex.zip,autotile-ex/SA-HatakeB05.png,3969,3ade22091f7c5f1a04be6dd16ecb7708fe88efcfa952c0ed1972ba8eac2aca2e,True,96,128,autotile
autotile-ex.zip,https://yms.main.jp/dotartworld/sozai/autotile2/autotile-ex.zip,autotile-ex/SA-HatakeB06.png,3750,04a7d0dd6bc45e674bd6d3ec684dbf412bad927e2741d22bfe3e3b5dcec2661c,True,96,128,autotile
autotile-ex.zip,https://yms.main.jp/dotartworld/sozai/autotile2/autotile-ex.zip,autotile-ex/SA-Ivy01.png,3419,de31471aeefa85e81acd0aff52ba49e3a23b843ef363e04b4f1b6fa8c9a91e22,True,96,128,autotile
autotile-ex.zip,https://yms.main.jp/dotartworld/sozai/autotile2/autotile-ex.zip,autotile-ex/SA-Kadan01.png,2328,3f9562e32f64a8a346eb8b8da71c98c45b4e183ac0de48b9782abfc5faedd4e9,True,96,128,autotile
autotile-ex.zip,https://yms.main.jp/dotartworld/sozai/autotile2/autotile-ex.zip,autotile-ex/SA-Kadan02.png,2705,22dd9be0d28919cbdd8569be3e12d37bde4e2f7c28b2c751d5452de37a928c57,True,96,128,autotile
autotile-ex.zip,https://yms.main.jp/dotartworld/sozai/autotile2/autotile-ex.zip,autotile-ex/SA-Kadan03.png,2280,01a01f5f03a6d63be300fd787519b230334253c1d3f21621ef5060a91a501c89,True,96,128,autotile
autotile-ex.zip,https://yms.main.jp/dotartworld/sozai/autotile2/autotile-ex.zip,autotile-ex/SA-Moss01.png,3272,6ddbe20dd0e74d00334116fd11872106c7fb37f7a3e22c77ba54ebbe82c6bceb,True,96,128,autotile
autotile-ex.zip,https://yms.main.jp/dotartworld/sozai/autotile2/autotile-ex.zip,autotile-ex/SA-Moss02.png,2705,86bb74f31e437d6dcb6937f7d4e2c76dcb333d0af30dbb7eea0753af10a35687,True,96,128,autotile
autotile-ex.zip,https://yms.main.jp/dotartworld/sozai/autotile2/autotile-ex.zip,autotile-ex/SA-Nanohana01.png,3264,67acc302f36b2d4188cbe7571f89251f8decedf9ce14fcb62c36e3c86bdc3e22,True,96,128,autotile
autotile-ex.zip,https://yms.main.jp/dotartworld/sozai/autotile2/autotile-ex.zip,autotile-ex/SA-Pool01.png,2990,c5d667991f48e48c9ec3ac09ae4e072370e0d6358cc2f10452c4b8c3f9b16b17,True,96,128,autotile
autotile-ex.zip,https://yms.main.jp/dotartworld/sozai/autotile2/autotile-ex.zip,autotile-ex/SA-Pool02.png,2988,014cf4fbd29c2ba9f32d53fc88fc4d123f04763f0b7c51075fc17ffdcfa97d96,True,96,128,autotile
autotile-ex.zip,https://yms.main.jp/dotartworld/sozai/autotile2/autotile-ex.zip,autotile-ex/SA-Pumkin01.png,3413,5aebdd6fb715e6ad043f48cbcebf8aa788f18cefc8eba85c2d71b4b74184e143,True,96,128,autotile
autotile-ex.zip,https://yms.main.jp/dotartworld/sozai/autotile2/autotile-ex.zip,autotile-ex/SA-Pumkin02.png,3030,46ccfa7c19423bd5af13519eaf7a645ca81fc941993bfdbf3953ddb1e69c06d9,True,96,128,autotile
autotile-ex.zip,https://yms.main.jp/dotartworld/sozai/autotile2/autotile-ex.zip,autotile-ex/SA-Pumkin03.png,1628,ae5d1a169d1d8c5cf9381b4589f0b4e6a0442c483de0748eb858c3ad804ef1b9,True,96,128,autotile
autotile-ex.zip,https://yms.main.jp/dotartworld/sozai/autotile2/autotile-ex.zip,autotile-ex/SA-Pumkin04.png,2088,6ccda5fccad164d65e695dd46b49841e70a2eb0875ce5194e36f0c7cfdc298e1,True,96,128,autotile
autotile-ex.zip,https://yms.main.jp/dotartworld/sozai/autotile2/autotile-ex.zip,autotile-ex/SA-Road01.png,1397,39eb3e4642f97c44d849f81815594b223b1dfb9f2edf0a6a51b50b862d0d8b1d,True,96,128,autotile
autotile-ex.zip,https://yms.main.jp/dotartworld/sozai/autotile2/autotile-ex.zip,autotile-ex/SA-Road02.png,1357,75143c8774d6bf9ede0850784c8878116f70ca08db2f8151b9a889095793c77a,True,96,128,autotile
autotile-ex.zip,https://yms.main.jp/dotartworld/sozai/autotile2/autotile-ex.zip,autotile-ex/SA-RoadT01.png,6509,8a8546dccddb2720e7f450efb5a1bf9926e4ad617158b440462a424fdb546b5b,True,96,128,autotile
autotile-ex.zip,https://yms.main.jp/dotartworld/sozai/autotile2/autotile-ex.zip,autotile-ex/SA-Roof01.png,965,15d7faf904362bb07108b2e407fb750fd242f1c7db9c4ca2f5f27f2e0aec74bb,True,96,128,autotile
autotile-ex.zip,https://yms.main.jp/dotartworld/sozai/autotile2/autotile-ex.zip,autotile-ex/SA-Roof02.png,840,aeda7393c7487ad44f56349d57005c5b58419c5ac0864b566b2497850339a870,True,96,128,autotile
autotile-ex.zip,https://yms.main.jp/dotartworld/sozai/autotile2/autotile-ex.zip,autotile-ex/SA-Roof03.png,2057,55d8e553744cff68e527f755b600ce978472f62c61684e127bb1da3c578d47ee,True,96,128,autotile
autotile-ex.zip,https://yms.main.jp/dotartworld/sozai/autotile2/autotile-ex.zip,autotile-ex/SA-Roof04.png,1944,66339559aa492af2d0cc973c7fce0e99ff73ab031a95abcb864c3a71bc9c3a3b,True,96,128,autotile
autotile-ex.zip,https://yms.main.jp/dotartworld/sozai/autotile2/autotile-ex.zip,autotile-ex/SA-Saku01.png,1037,989bd4ba92aecbc2503929010ead5e50690b45490868e391b593d47c163c0c38,True,96,128,autotile
autotile-ex.zip,https://yms.main.jp/dotartworld/sozai/autotile2/autotile-ex.zip,autotile-ex/SA-Seawds01.png,1615,d4cbc1540c7894c1e9832d8a1d896099a764dc59f3f32721d6832a78b637c693,True,96,128,autotile
autotile-ex.zip,https://yms.main.jp/dotartworld/sozai/autotile2/autotile-ex.zip,autotile-ex/SA-SRoad01.png,4362,f984b3e50ff5b2ccf1b94eb441c41f343eabfe7dd5ee1f64e48dbd0a0e12340f,True,96,128,autotile
autotile-ex.zip,https://yms.main.jp/dotartworld/sozai/autotile2/autotile-ex.zip,autotile-ex/SA-SRoad02.png,4045,a072e8ec0bbf0d5df83d16e526154df493c4975bdf3e2d1028cbbaac56fd2d90,True,96,128,autotile
autotile-ex.zip,https://yms.main.jp/dotartworld/sozai/autotile2/autotile-ex.zip,autotile-ex/SA-StFence01.png,4070,33c40faba03031fdca7b7bb5ebf2d9d93126b35da8b75f6d534c1a58bc03fbc4,True,96,128,autotile
autotile-ex.zip,https://yms.main.jp/dotartworld/sozai/autotile2/autotile-ex.zip,autotile-ex/SA-StFence02.png,3561,af0108cc4a48bb9c073a9d68d2d2dbef4049b7fb5c6ae7f975106fb62fc11c5f,True,96,128,autotile
autotile-ex.zip,https://yms.main.jp/dotartworld/sozai/autotile2/autotile-ex.zip,autotile-ex/SA-StFence03.png,9093,7840db31e83bde5e12c26a67392a2de4b061a24f9cd455a14422e6703593f61f,True,96,128,autotile
autotile-ex.zip,https://yms.main.jp/dotartworld/sozai/autotile2/autotile-ex.zip,autotile-ex/SA-StFenceBase.png,4078,1e1a5f5a1150d2fe918a9c16df2a0874df3dddd58ca6aede56910b353f26196c,True,96,128,autotile
autotile-ex.zip,https://yms.main.jp/dotartworld/sozai/autotile2/autotile-ex.zip,autotile-ex/SA-Stone01.png,17463,3a77115da410d18348181dd4ebc653cbe39a07d5ef3ea7451359765b53dec0f2,True,96,128,autotile
autotile-ex.zip,https://yms.main.jp/dotartworld/sozai/autotile2/autotile-ex.zip,autotile-ex/SA-Undulation01.png,12186,62a4ca19ebeeb1bdeabac07b17febd78534507cad722ac61ac9ee6b57e18d376,True,96,128,autotile
autotile-ex.zip,https://yms.main.jp/dotartworld/sozai/autotile2/autotile-ex.zip,autotile-ex/SA-Undulation02.png,12602,740f4bf70b52cd78d0214e2a1683c253fae3ab466a1a20faed9dd69cecbd5083,True,96,128,autotile
autotile-ex.zip,https://yms.main.jp/dotartworld/sozai/autotile2/autotile-ex.zip,autotile-ex/SA-Window01.png,545,1bf360bf97d9b0079c15c61ac71b6e3ac0e84397d6d5f2e5676d312a755dca48,True,96,128,autotile
autotile-in.zip,https://yms.main.jp/dotartworld/sozai/autotile2/autotile-in.zip,autotile-in/SA-Carpet01.png,434,b8991a5b9efbf4bd806cd2bf282d6bd0452496dfecea722f103b964233ab21c3,True,96,128,autotile
autotile-in.zip,https://yms.main.jp/dotartworld/sozai/autotile2/autotile-in.zip,autotile-in/SA-Carpet02.png,423,f8828aeb938da60504f94c515e05aa0115c64d6f5eed01a443d9ec9e0a21935a,True,96,128,autotile
autotile-in.zip,https://yms.main.jp/dotartworld/sozai/autotile2/autotile-in.zip,autotile-in/SA-Carpet03.png,434,6b194460c767ab0d97d5987623ece3fed9fe41ea0dee249e0ad0e2406def83a6,True,96,128,autotile
autotile-in.zip,https://yms.main.jp/dotartworld/sozai/autotile2/autotile-in.zip,autotile-in/SA-Carpet04.png,485,77910ff16d3f72ad5b39924b7a7e98076f758e13ab2878c7730442ce248b88fa,True,96,128,autotile
autotile-in.zip,https://yms.main.jp/dotartworld/sozai/autotile2/autotile-in.zip,autotile-in/SA-Carpet05.png,434,2ac74ea68a1f00c80521242421df2f4342780884d3266540c0ad50c871666b5f,True,96,128,autotile
autotile-in.zip,https://yms.main.jp/dotartworld/sozai/autotile2/autotile-in.zip,autotile-in/SA-Carpet06.png,827,46e86f0e79c075978356eebb941ac3605a6e0df5372444ec09e8661778328854,True,96,128,autotile
autotile-in.zip,https://yms.main.jp/dotartworld/sozai/autotile2/autotile-in.zip,autotile-in/SA-Carpet07.png,812,9ecbc2432d31a804be46bf0580f9d37807ca5560cc9a9994b858d2463eb42d4b,True,96,128,autotile
autotile-in.zip,https://yms.main.jp/dotartworld/sozai/autotile2/autotile-in.zip,autotile-in/SA-Carpet08.png,827,0d9e2c378202c719d290dbdc5697956b45bd8c1daab443500ac2dde3b5645368,True,96,128,autotile
autotile-in.zip,https://yms.main.jp/dotartworld/sozai/autotile2/autotile-in.zip,autotile-in/SA-Carpet08ST.png,666,9f0dd0fae6383d793491b676b84914b4e27908faed3ea0e775a1c7ccb792dd88,True,96,128,autotile
autotile-in.zip,https://yms.main.jp/dotartworld/sozai/autotile2/autotile-in.zip,autotile-in/SA-Carpet09.png,827,ff5ae80c4eb7c901ecc2d0326aac9b0af1baae372c652ace218b428bf6df9a6f,True,96,128,autotile
autotile-in.zip,https://yms.main.jp/dotartworld/sozai/autotile2/autotile-in.zip,autotile-in/SA-Carpet09ST.png,666,11c2b9245f0b6e29c38a341d0fde6e8bbb09becd33bd96f79e2f155135759c65,True,96,128,autotile
autotile-in.zip,https://yms.main.jp/dotartworld/sozai/autotile2/autotile-in.zip,autotile-in/SA-Carpet10.png,629,9ee0dbb6c712bd5f6189e33c1dc56e4b3542946286679b5500e1c1bac07a9f11,True,96,128,autotile
autotile-in.zip,https://yms.main.jp/dotartworld/sozai/autotile2/autotile-in.zip,autotile-in/SA-Carpet11.png,614,7a0710a2b93af6189a1b8e0b75c126c6baa1452bb25a8547c4374ead5d7b35dc,True,96,128,autotile
autotile-in.zip,https://yms.main.jp/dotartworld/sozai/autotile2/autotile-in.zip,autotile-in/SA-Carpet12.png,614,c477c757d2185c9eb685f06614a8a8475f3cb9df74fc1114663cecfa0f4c508b,True,96,128,autotile
autotile-in.zip,https://yms.main.jp/dotartworld/sozai/autotile2/autotile-in.zip,autotile-in/SA-Carpet13.png,7664,e40583d021d2a89ee3b787f1112b40d62e0e62e1f31701f1a7fe4dc54b313454,True,96,128,autotile
autotile-in.zip,https://yms.main.jp/dotartworld/sozai/autotile2/autotile-in.zip,autotile-in/SA-Carpet-Rose01.png,6582,33c6563645f89e189f6967506c4403fcc5151b91e6b786bdff0d2cf864c856c1,True,96,128,autotile
autotile-in.zip,https://yms.main.jp/dotartworld/sozai/autotile2/autotile-in.zip,autotile-in/SA-Cartain01.png,965,eee762c26f2564455fe7ef8083cb3c86b8302f5e7a513decf785063e8ea7f50e,True,96,128,autotile
autotile-in.zip,https://yms.main.jp/dotartworld/sozai/autotile2/autotile-in.zip,autotile-in/SA-Cartain02.png,965,f690a42402c4343d505ea4693a26274f3642a34c2fe34cdc0698c158295d7354,True,96,128,autotile
autotile-in.zip,https://yms.main.jp/dotartworld/sozai/autotile2/autotile-in.zip,autotile-in/SA-FloorM01.png,609,3d482c3330296739272187b861c3b31075b3cb28604c645bd82d5bfa242bba5d,True,96,128,autotile
autotile-in.zip,https://yms.main.jp/dotartworld/sozai/autotile2/autotile-in.zip,autotile-in/SA-FloorM02.png,649,5314962bc1e81565813860ff1fe122fd320f6b3eabc18e205cf656f271221f08,True,96,128,autotile
autotile-in.zip,https://yms.main.jp/dotartworld/sozai/autotile2/autotile-in.zip,autotile-in/SA-FloorM03.png,581,0f45d19fe360255ebac51e6a0b927b2c3213aaec1b6a1d83f8fda64ea01e5415,True,96,128,autotile
autotile-in.zip,https://yms.main.jp/dotartworld/sozai/autotile2/autotile-in.zip,autotile-in/SA-FloorS01.png,413,d1cb6c161386034addad3abd9669fee43269bf2326b58ef25600bc76f17e5e12,True,96,128,autotile
autotile-in.zip,https://yms.main.jp/dotartworld/sozai/autotile2/autotile-in.zip,autotile-in/SA-FloorS02.png,413,889012989061b3a3f00aa10a054196db01aef84984c0a7db107a029fe779fc95,True,96,128,autotile
autotile-in.zip,https://yms.main.jp/dotartworld/sozai/autotile2/autotile-in.zip,autotile-in/SA-FloorS03.png,416,eee3d654d4f1978c99ab291b9cef9c8e54de3f43e413d8465b33aa9152d626f4,True,96,128,autotile
autotile-in.zip,https://yms.main.jp/dotartworld/sozai/autotile2/autotile-in.zip,autotile-in/SA-FloorS04.png,416,253dae0747db3e805e2e8f320546136118e663de06842771eec0614cce839073,True,96,128,autotile
autotile-in.zip,https://yms.main.jp/dotartworld/sozai/autotile2/autotile-in.zip,autotile-in/SA-FloorS05.png,1365,71649fa46885b07a21c03fb2f08bdd011652ab9185275c90e48f22a8c523b406,True,96,128,autotile
autotile-in.zip,https://yms.main.jp/dotartworld/sozai/autotile2/autotile-in.zip,autotile-in/SA-Floor-Stone01.png,3534,cc441cb84baef7583fa13483dc064c7e32bec2ffd896d9f8d7040411ed21996c,True,96,128,autotile
autotile-in.zip,https://yms.main.jp/dotartworld/sozai/autotile2/autotile-in.zip,autotile-in/SA-FloorT01.png,482,07ffb846c7f174a9265fb2ac0b348a47fc93e24a12415419664ea77f2d341f4a,True,96,128,autotile
autotile-in.zip,https://yms.main.jp/dotartworld/sozai/autotile2/autotile-in.zip,autotile-in/SA-FloorT02.png,482,da2ede2a823451e9fa3965e2701810fc2b2ed7742004157eb5209bf38d19362c,True,96,128,autotile
autotile-in.zip,https://yms.main.jp/dotartworld/sozai/autotile2/autotile-in.zip,autotile-in/SA-FloorT03.png,790,36e7379aac03b503961f8f20147f9d782429e371121a0f09b1b0bac084d9a07c,True,96,128,autotile
autotile-in.zip,https://yms.main.jp/dotartworld/sozai/autotile2/autotile-in.zip,autotile-in/SA-FloorT04.png,794,733c83ec3c6df090ee678105b070d8f3c8ac8625abbffc8dccdfef5c94c0f610,True,96,128,autotile
autotile-in.zip,https://yms.main.jp/dotartworld/sozai/autotile2/autotile-in.zip,autotile-in/SA-Floor-T06.png,1765,e822fd398149740720105a70f63becd3071674f1b5e3048a4ae8243455e038c4,True,96,128,autotile
autotile-in.zip,https://yms.main.jp/dotartworld/sozai/autotile2/autotile-in.zip,autotile-in/SA-Floor-T07.png,693,0575c2838cf81065b9f4ef3490891bc64dd2eb10d493717a53a9ddfce28137e0,True,96,128,autotile
autotile-in.zip,https://yms.main.jp/dotartworld/sozai/autotile2/autotile-in.zip,autotile-in/SA-Floor-T08.png,434,32a31deea040395612455d75a9a78d0d0963d1a1c405226a860832dbf0e12acb,True,96,128,autotile
autotile-in.zip,https://yms.main.jp/dotartworld/sozai/autotile2/autotile-in.zip,autotile-in/SA-Floor-T09.png,434,c810e1a36f668ad0250f060eed2851cc7f0faa77fc3742126e62bfc3b13681ae,True,96,128,autotile
autotile-in.zip,https://yms.main.jp/dotartworld/sozai/autotile2/autotile-in.zip,autotile-in/SA-Floor-T10.png,3764,58878cc2a33584a9886b5eb701c977ba64477e65460253d85b5a428754ecf704,True,96,128,autotile
autotile-in.zip,https://yms.main.jp/dotartworld/sozai/autotile2/autotile-in.zip,autotile-in/SA-Floor-T11.png,3920,cb41acb5762814f9f844980343b3af6e059914e321571929efb68fbf1f08d9a3,True,96,128,autotile
autotile-in.zip,https://yms.main.jp/dotartworld/sozai/autotile2/autotile-in.zip,autotile-in/SA-Floor-T12.png,1224,25ec118cbf09cb64d86ec6afdb5c724ee34db8f41c8e88b6623f046b5543bf01,True,96,128,autotile
autotile-in.zip,https://yms.main.jp/dotartworld/sozai/autotile2/autotile-in.zip,autotile-in/SA-Fur01.png,2054,d64cf199977c60817a78c4699640f182fa631ce4c519067bb4188c96a0a229d2,True,96,128,autotile
autotile-in.zip,https://yms.main.jp/dotartworld/sozai/autotile2/autotile-in.zip,autotile-in/SA-Fur02.png,2037,c6293c7437d5c561f455e5826d459cc2ceea2700366f847162c864b19b0b87bf,True,96,128,autotile
autotile-in.zip,https://yms.main.jp/dotartworld/sozai/autotile2/autotile-in.zip,autotile-in/SA-Fur03.png,1961,415bf7315f6b9bc3eb4e174a123b115d534f99bc198754dd78855a6a70c83c92,True,96,128,autotile
autotile-in.zip,https://yms.main.jp/dotartworld/sozai/autotile2/autotile-in.zip,autotile-in/SA-Goza01.png,7959,1294843d13ba76a7ae4aac4949e93a2c1fb887a42c19019c07d49560bcebd692,True,96,128,autotile
autotile-in.zip,https://yms.main.jp/dotartworld/sozai/autotile2/autotile-in.zip,autotile-in/SA-Goza02.png,1721,2ce6f69b5822b0b090034a6a9bd892fd86d29420fc21e808596c45c51e68441a,True,96,128,autotile
autotile-in.zip,https://yms.main.jp/dotartworld/sozai/autotile2/autotile-in.zip,autotile-in/SA-Goza03.png,4518,be0a2aafb566253c4b63af44421850f1ecd5b3553bf19bf6cc450d389d711e95,True,96,128,autotile
autotile-in.zip,https://yms.main.jp/dotartworld/sozai/autotile2/autotile-in.zip,autotile-in/SA-Kotatsu01.png,711,16376c2e6dff8aa51f74d43d9bc3db24c300f13586482cce9f5b866828e9dd35,True,96,128,autotile
autotile-in.zip,https://yms.main.jp/dotartworld/sozai/autotile2/autotile-in.zip,autotile-in/SA-Kotatsu02.png,718,64d84e0abe9969f4db1e78fd4f5f1150ad9e1a0660352186ff01b33f73a355c6,True,96,128,autotile
autotile-in.zip,https://yms.main.jp/dotartworld/sozai/autotile2/autotile-in.zip,autotile-in/SA-Kyodan01.png,1104,9f2cadd502a10b79d30a2b42665f778c3c85d5e02f9633d46b1bb6348169777f,True,96,128,autotile
autotile-in.zip,https://yms.main.jp/dotartworld/sozai/autotile2/autotile-in.zip,autotile-in/SA-Mat01.png,375,a322f549ff6b35b11532a1da51a13a51dd79ebd110a3f6af116e00e7e6893683,True,96,128,autotile
autotile-in.zip,https://yms.main.jp/dotartworld/sozai/autotile2/autotile-in.zip,autotile-in/SA-Sunoko01.png,939,5d4a786302e66d963ba7e2f4b64ad75334abefce4dc5604fb134e128cc9c8eea,True,96,128,autotile
autotile-in.zip,https://yms.main.jp/dotartworld/sozai/autotile2/autotile-in.zip,autotile-in/SA-Sunoko02.png,1122,0eb57527f3f5bc059145399cab23f66a80e10e5690fa70cb03a3262b97d4d638,True,96,128,autotile
autotile-in.zip,https://yms.main.jp/dotartworld/sozai/autotile2/autotile-in.zip,autotile-in/SA-Sunoko03.png,1176,3c32c8cd88efabea454916981d4aac6df62244ef386f760eac892d81a058b03d,True,96,128,autotile
autotile-in.zip,https://yms.main.jp/dotartworld/sozai/autotile2/autotile-in.zip,autotile-in/SA-WallA01.png,444,7732b153bd79758151858409e92b74e49176047e41d5a09f100283dc1e42d861,True,96,128,autotile
autotile-in.zip,https://yms.main.jp/dotartworld/sozai/autotile2/autotile-in.zip,autotile-in/SA-WallA02.png,1489,3123f01148956fa8c3cbf7d19ad9b8268fd859887d1f3230031fdfdd88b8af29,True,96,128,autotile
autotile-in.zip,https://yms.main.jp/dotartworld/sozai/autotile2/autotile-in.zip,autotile-in/SA-WallD01.png,286,682d7a80bb67179422af40e063c4d4acf474e3f7e81e78c9512f5d1c93a8016a,True,96,128,autotile
sample-map-xp03.zip,https://yms.main.jp/dotartworld/sozai/tileset/pack/sample-map-xp03.zip,sample-map-xp03/Data/Actors.rxdata,11034,47e37d075af376fbb23a59fc219a5aa40201543cc17469be52319baa11e21979,False,,,non_image_archive_member
sample-map-xp03.zip,https://yms.main.jp/dotartworld/sozai/tileset/pack/sample-map-xp03.zip,sample-map-xp03/Data/Animations.rxdata,136134,abb8df691a0a45ad1f479b199944fd3bf28f5d71cea85980f5cd840db6299e4d,False,,,non_image_archive_member
sample-map-xp03.zip,https://yms.main.jp/dotartworld/sozai/tileset/pack/sample-map-xp03.zip,sample-map-xp03/Data/Armors.rxdata,5358,cd133b2b99277c48af2f879344524a7ac84ddcbfe078c896d84d1c497f260c32,False,,,non_image_archive_member
sample-map-xp03.zip,https://yms.main.jp/dotartworld/sozai/tileset/pack/sample-map-xp03.zip,sample-map-xp03/Data/Classes.rxdata,2260,5f7226d463c82393cec55c4e1dd3029b493e05f08c03bb3cf27c2ec40669a9de,False,,,non_image_archive_member
sample-map-xp03.zip,https://yms.main.jp/dotartworld/sozai/tileset/pack/sample-map-xp03.zip,sample-map-xp03/Data/CommonEvents.rxdata,1286,5776817ba8f318d5e5fdb7363b20e6bac2470cd99b2965c399e6d1e752c71715,False,,,non_image_archive_member
sample-map-xp03.zip,https://yms.main.jp/dotartworld/sozai/tileset/pack/sample-map-xp03.zip,sample-map-xp03/Data/Enemies.rxdata,10916,59fe40b8019304ce5d1171654041bc3a0a1867cc9751ddc3dcc92ea4f98408ed,False,,,non_image_archive_member
sample-map-xp03.zip,https://yms.main.jp/dotartworld/sozai/tileset/pack/sample-map-xp03.zip,sample-map-xp03/Data/Items.rxdata,6290,8b69fc507fa3fe18a0840e7591ea3f485de15393c75ac3d64f4e01f87c43dbae,False,,,non_image_archive_member
sample-map-xp03.zip,https://yms.main.jp/dotartworld/sozai/tileset/pack/sample-map-xp03.zip,sample-map-xp03/Data/Map001.rxdata,2045,77539c2ef77df5087eb839de2a1a749aed72f50720498385de5bf3e2626fe151,False,,,non_image_archive_member
sample-map-xp03.zip,https://yms.main.jp/dotartworld/sozai/tileset/pack/sample-map-xp03.zip,sample-map-xp03/Data/Map002.rxdata,8172,c1c7df6403c9d165051f2cbd5b0875e64e72d6631b1a1b2ceeacb0e5843a8d7f,False,,,non_image_archive_member
sample-map-xp03.zip,https://yms.main.jp/dotartworld/sozai/tileset/pack/sample-map-xp03.zip,sample-map-xp03/Data/Map003.rxdata,4368,75dc7dd3d7146fcb8ae790d39ac7b11a759f4fb55f6201bb4a3d9285bc22b2d5,False,,,non_image_archive_member
sample-map-xp03.zip,https://yms.main.jp/dotartworld/sozai/tileset/pack/sample-map-xp03.zip,sample-map-xp03/Data/Map004.rxdata,2165,5b0c97be3848f26841922c7a06cc26cf0475fd8990935ac186e5511d2e74661f,False,,,non_image_archive_member
sample-map-xp03.zip,https://yms.main.jp/dotartworld/sozai/tileset/pack/sample-map-xp03.zip,sample-map-xp03/Data/Map005.rxdata,3830,1e9db608b7aaa1083d64fec0a29d4f0a4ac3fde9ad171743929e75b59aa5ed1d,False,,,non_image_archive_member
sample-map-xp03.zip,https://yms.main.jp/dotartworld/sozai/tileset/pack/sample-map-xp03.zip,sample-map-xp03/Data/Map006.rxdata,2045,bd5d90ffda17b6fd5d830d75821a97e59c44e0ac4b08670c2294d28e63581b20,False,,,non_image_archive_member
sample-map-xp03.zip,https://yms.main.jp/dotartworld/sozai/tileset/pack/sample-map-xp03.zip,sample-map-xp03/Data/Map007.rxdata,3015,24a5fd15ca237e033ae884e18af734d0d821963994f1aa66c555e3512c4f895c,False,,,non_image_archive_member
sample-map-xp03.zip,https://yms.main.jp/dotartworld/sozai/tileset/pack/sample-map-xp03.zip,sample-map-xp03/Data/Map008.rxdata,3333,7866a02802c175e576c54506000af20a1807a3902bbd7406390c6b4e585e7eb0,False,,,non_image_archive_member
sample-map-xp03.zip,https://yms.main.jp/dotartworld/sozai/tileset/pack/sample-map-xp03.zip,sample-map-xp03/Data/Map009.rxdata,3015,50ca475510b67514d4dce63b7e343a9b2c88a9f6ff910e56a1a7424ec91af316,False,,,non_image_archive_member
sample-map-xp03.zip,https://yms.main.jp/dotartworld/sozai/tileset/pack/sample-map-xp03.zip,sample-map-xp03/Data/Map010.rxdata,2945,7bfb1f866d01d868d8c4ae1b11073423796a8be2616e9ece9f0ef7d8c54d912b,False,,,non_image_archive_member
sample-map-xp03.zip,https://yms.main.jp/dotartworld/sozai/tileset/pack/sample-map-xp03.zip,sample-map-xp03/Data/Map011.rxdata,2756,2cc8d7559ef862d8ac2c17de8236ca147be474fb1b7aac856df5e7e3a5c0dc77,False,,,non_image_archive_member
sample-map-xp03.zip,https://yms.main.jp/dotartworld/sozai/tileset/pack/sample-map-xp03.zip,sample-map-xp03/Data/Map012.rxdata,6371,c26903ff1af22e4c8ed50099f48a5851781f35fad810880261d6317505fe05bf,False,,,non_image_archive_member
sample-map-xp03.zip,https://yms.main.jp/dotartworld/sozai/tileset/pack/sample-map-xp03.zip,sample-map-xp03/Data/Map013.rxdata,3861,5f1a058f858289eeb93e213e30ccd36d4394500b701f45999eba28604aa5ea63,False,,,non_image_archive_member
sample-map-xp03.zip,https://yms.main.jp/dotartworld/sozai/tileset/pack/sample-map-xp03.zip,sample-map-xp03/Data/Map014.rxdata,2045,2232ae93ef312cc31b2e72c78f32f8a7acf1e91d2634bcbe4c5e6524fa8b5a8c,False,,,non_image_archive_member
sample-map-xp03.zip,https://yms.main.jp/dotartworld/sozai/tileset/pack/sample-map-xp03.zip,sample-map-xp03/Data/Map015.rxdata,2045,7c90144996610c044f23745198db9122a048abbeca1743dbf31a16896f5d6189,False,,,non_image_archive_member
sample-map-xp03.zip,https://yms.main.jp/dotartworld/sozai/tileset/pack/sample-map-xp03.zip,sample-map-xp03/Data/Map016.rxdata,5448,9ffb668407bcc9a9240d8936ffaa605e1f47d91905a14bf535e8a728e1936d72,False,,,non_image_archive_member
sample-map-xp03.zip,https://yms.main.jp/dotartworld/sozai/tileset/pack/sample-map-xp03.zip,sample-map-xp03/Data/Map017.rxdata,5448,c0df5c5fe5dbcb5e835a6a76d551b2a8a812650d46d90c4a8e9c537ccc6c71f1,False,,,non_image_archive_member
sample-map-xp03.zip,https://yms.main.jp/dotartworld/sozai/tileset/pack/sample-map-xp03.zip,sample-map-xp03/Data/Map018.rxdata,3386,b18519503954f39ce583fe2fcbda37a0372daabecf9c097e355ad1aaec51f999,False,,,non_image_archive_member
sample-map-xp03.zip,https://yms.main.jp/dotartworld/sozai/tileset/pack/sample-map-xp03.zip,sample-map-xp03/Data/Map019.rxdata,2045,030c76ce2816c6e15f7b24cf60665bd8f52d24f09ee57ff26676f351df3aa359,False,,,non_image_archive_member
sample-map-xp03.zip,https://yms.main.jp/dotartworld/sozai/tileset/pack/sample-map-xp03.zip,sample-map-xp03/Data/Map020.rxdata,5186,fc9aa880e999222767e8b9393ec5cb5f86b05c2ad0660b34fe38257d59d0d79c,False,,,non_image_archive_member
sample-map-xp03.zip,https://yms.main.jp/dotartworld/sozai/tileset/pack/sample-map-xp03.zip,sample-map-xp03/Data/Map021.rxdata,3346,4dd63636f8e385dfac86d1ac9cfcd49ca8b956e2ee960ae2d7ac6b096eeedb1c,False,,,non_image_archive_member
sample-map-xp03.zip,https://yms.main.jp/dotartworld/sozai/tileset/pack/sample-map-xp03.zip,sample-map-xp03/Data/Map022.rxdata,2757,56f2d7da3de8eea83655a63b8c8fde6ec1a8042f4aedc92680626df4da15ba8a,False,,,non_image_archive_member
sample-map-xp03.zip,https://yms.main.jp/dotartworld/sozai/tileset/pack/sample-map-xp03.zip,sample-map-xp03/Data/Map023.rxdata,2045,8036b401080aba5538280f94d30cb14c3f18e83fe082ea44d739c95ad23a6a09,False,,,non_image_archive_member
sample-map-xp03.zip,https://yms.main.jp/dotartworld/sozai/tileset/pack/sample-map-xp03.zip,sample-map-xp03/Data/Map024.rxdata,10459,94f172ae92d4a7c09ec9d525c3b59252c223310e5d21332f45fa92ed442ad950,False,,,non_image_archive_member
sample-map-xp03.zip,https://yms.main.jp/dotartworld/sozai/tileset/pack/sample-map-xp03.zip,sample-map-xp03/Data/Map025.rxdata,11329,660e8b0646ee7dc29a8564f23c8ef1e370ad2f6a6af82a0213d6d500f58a9d5f,False,,,non_image_archive_member
sample-map-xp03.zip,https://yms.main.jp/dotartworld/sozai/tileset/pack/sample-map-xp03.zip,sample-map-xp03/Data/Map026.rxdata,2645,9bcd05cb59397ca7efdb1e102eefa60242a9cc477bbeb89776c2c61bbe722eab,False,,,non_image_archive_member
sample-map-xp03.zip,https://yms.main.jp/dotartworld/sozai/tileset/pack/sample-map-xp03.zip,sample-map-xp03/Data/Map027.rxdata,2405,06735511fd8462271c486b259d2abe8de36c3d1f2da47bfd3a2aea82f8df5fde,False,,,non_image_archive_member
sample-map-xp03.zip,https://yms.main.jp/dotartworld/sozai/tileset/pack/sample-map-xp03.zip,sample-map-xp03/Data/Map028.rxdata,2405,32d1635b3a217e345c8fec8b5bf45fd6dfe74a82c1089b8cbd2275ba4bee3241,False,,,non_image_archive_member
sample-map-xp03.zip,https://yms.main.jp/dotartworld/sozai/tileset/pack/sample-map-xp03.zip,sample-map-xp03/Data/Map029.rxdata,2645,cebed8b9e5e6ba91d5ab5bf5a07bd402c2187648ca79d023c0fa7fc7dbca466a,False,,,non_image_archive_member
sample-map-xp03.zip,https://yms.main.jp/dotartworld/sozai/tileset/pack/sample-map-xp03.zip,sample-map-xp03/Data/Map030.rxdata,4770,8cd51ad89dbbb147e31d27d8378d70a16919e9c485b82e7317453028d6aa8942,False,,,non_image_archive_member
sample-map-xp03.zip,https://yms.main.jp/dotartworld/sozai/tileset/pack/sample-map-xp03.zip,sample-map-xp03/Data/Map031.rxdata,2045,787f766e4b47876ccd4a6b75a31d9db1029d713b7a932d5564b1df6863b5fbcd,False,,,non_image_archive_member
sample-map-xp03.zip,https://yms.main.jp/dotartworld/sozai/tileset/pack/sample-map-xp03.zip,sample-map-xp03/Data/Map032.rxdata,3485,fa0cf945e70eefdf9d7b5bb9d0dc7281756ac2a62cfb7893836b2c07f3894b6a,False,,,non_image_archive_member
sample-map-xp03.zip,https://yms.main.jp/dotartworld/sozai/tileset/pack/sample-map-xp03.zip,sample-map-xp03/Data/Map033.rxdata,2513,0c53682f4dd1663d2e3cad587703c9bd45c27008d27527536251f2a929a9c92e,False,,,non_image_archive_member
sample-map-xp03.zip,https://yms.main.jp/dotartworld/sozai/tileset/pack/sample-map-xp03.zip,sample-map-xp03/Data/Map034.rxdata,2225,b1b38331d60b892932fbbd098ac4736f280e99847deb8350c1d491978674da73,False,,,non_image_archive_member
sample-map-xp03.zip,https://yms.main.jp/dotartworld/sozai/tileset/pack/sample-map-xp03.zip,sample-map-xp03/Data/Map035.rxdata,7079,13cda696cf722daa8ee672a24346151e8cf2eb095b7e50518d6f779d9c86c8f1,False,,,non_image_archive_member
sample-map-xp03.zip,https://yms.main.jp/dotartworld/sozai/tileset/pack/sample-map-xp03.zip,sample-map-xp03/Data/Map036.rxdata,2809,97941f6bcd25ca421d5d58d195bf1202b1847822219a20d1984f3d87950345a3,False,,,non_image_archive_member
sample-map-xp03.zip,https://yms.main.jp/dotartworld/sozai/tileset/pack/sample-map-xp03.zip,sample-map-xp03/Data/Map037.rxdata,4605,3ff6cabb82b6d515cb681d79933af0d7c597d2c811c28a5b9d6ac1b0dd38720a,False,,,non_image_archive_member
sample-map-xp03.zip,https://yms.main.jp/dotartworld/sozai/tileset/pack/sample-map-xp03.zip,sample-map-xp03/Data/Map038.rxdata,5221,ca6c8fa6fc664a2bc4a96279d3fda6a8c724670ce78097e19bcf360451a7e05b,False,,,non_image_archive_member
sample-map-xp03.zip,https://yms.main.jp/dotartworld/sozai/tileset/pack/sample-map-xp03.zip,sample-map-xp03/Data/Map039.rxdata,4009,db98c49d431420ecf98ebb516be337584bacf308e1273969a515cf1adab5616c,False,,,non_image_archive_member
sample-map-xp03.zip,https://yms.main.jp/dotartworld/sozai/tileset/pack/sample-map-xp03.zip,sample-map-xp03/Data/Map040.rxdata,4204,ec2b7e0c5b6c97dcbb39628fac2aea1d0778157a37d77d217f82aeb478ce121f,False,,,non_image_archive_member
sample-map-xp03.zip,https://yms.main.jp/dotartworld/sozai/tileset/pack/sample-map-xp03.zip,sample-map-xp03/Data/Map041.rxdata,3020,f95c238730ee3d677b89fa10da448e50cd305701b0470b57c825bdf5a4691805,False,,,non_image_archive_member
sample-map-xp03.zip,https://yms.main.jp/dotartworld/sozai/tileset/pack/sample-map-xp03.zip,sample-map-xp03/Data/Map042.rxdata,2775,fe5d4bb2a1e4076401afe10def84b744c08329422b5fdf8a11071fd05dd47c91,False,,,non_image_archive_member
sample-map-xp03.zip,https://yms.main.jp/dotartworld/sozai/tileset/pack/sample-map-xp03.zip,sample-map-xp03/Data/MapInfos.rxdata,1948,54250110c5a842c03ff57094ad930708b35acca548ce023378ca0758c441fbfa,False,,,non_image_archive_member
sample-map-xp03.zip,https://yms.main.jp/dotartworld/sozai/tileset/pack/sample-map-xp03.zip,sample-map-xp03/Data/Scripts.rxdata,129433,c751881253a2d084fb6c54c13191c07047799cd665bdf719f731194888d161f8,False,,,non_image_archive_member
sample-map-xp03.zip,https://yms.main.jp/dotartworld/sozai/tileset/pack/sample-map-xp03.zip,sample-map-xp03/Data/Skills.rxdata,15992,971f2d34bca10215fe51541fbf476b0bb7ff640e6e2f3e97da9fb29e9f1f312e,False,,,non_image_archive_member
sample-map-xp03.zip,https://yms.main.jp/dotartworld/sozai/tileset/pack/sample-map-xp03.zip,sample-map-xp03/Data/States.rxdata,2270,a429bea6c7e20fe35ce11355485bb5c50db2a5b5800473fac1e8446accb291a2,False,,,non_image_archive_member
sample-map-xp03.zip,https://yms.main.jp/dotartworld/sozai/tileset/pack/sample-map-xp03.zip,sample-map-xp03/Data/System.rxdata,2044,72d0b67147c373e71dc7f902faa2c3998fd7d1f5236b2b833547f58f09f2042f,False,,,non_image_archive_member
sample-map-xp03.zip,https://yms.main.jp/dotartworld/sozai/tileset/pack/sample-map-xp03.zip,sample-map-xp03/Data/Tilesets.rxdata,343221,b275bd6863344170dcf9986c350ad24d6982d8e1e4a6689769cd783a78174f5b,False,,,non_image_archive_member
sample-map-xp03.zip,https://yms.main.jp/dotartworld/sozai/tileset/pack/sample-map-xp03.zip,sample-map-xp03/Data/Troops.rxdata,5870,8aa6ea17222ede1ae4d77b3e73163915f0d3a5ab549174df5f1c92e6891b92af,False,,,non_image_archive_member
sample-map-xp03.zip,https://yms.main.jp/dotartworld/sozai/tileset/pack/sample-map-xp03.zip,sample-map-xp03/Data/Weapons.rxdata,5133,87fab39566b943c8d14946616b10708d0953bda594de1a5453550b6d86c7b8fa,False,,,non_image_archive_member
sample-map-xp03.zip,https://yms.main.jp/dotartworld/sozai/tileset/pack/sample-map-xp03.zip,sample-map-xp03/Game.exe,69632,0ed9b5139edb0ad0f0f4b5b88dd0265ddbf56d36d6f173d6a22f3b23e8212e22,False,,,non_image_archive_member
sample-map-xp03.zip,https://yms.main.jp/dotartworld/sozai/tileset/pack/sample-map-xp03.zip,sample-map-xp03/Game.ini,108,6367f2a7958ffbe75a9f2f694e76815b3e5b95822f2dd296cf85f913860d863b,False,,,non_image_archive_member
sample-map-xp03.zip,https://yms.main.jp/dotartworld/sozai/tileset/pack/sample-map-xp03.zip,sample-map-xp03/Game.rxproj,10,a3663b8cdf844ddd02ac5421d83dab67cc6ba16c9706a6e80513ea5fd52c6e8a,False,,,non_image_archive_member
sample-map-xp03.zip,https://yms.main.jp/dotartworld/sozai/tileset/pack/sample-map-xp03.zip,sample-map-xp03/Graphics/Autotiles/SA-Concrete03.png,727,8785057093c3090d9329a26ad92cc411f0b7d28c180994bd98a329217c5457f5,True,96,128,sample_package_image
sample-map-xp03.zip,https://yms.main.jp/dotartworld/sozai/tileset/pack/sample-map-xp03.zip,sample-map-xp03/Graphics/Autotiles/SA-Ditch01.png,4117,35a5a06fbe0633b11e2b5fddf33ed9f2b86e099d40a3f5ab256ff25a518aa791,True,384,128,sample_package_image
sample-map-xp03.zip,https://yms.main.jp/dotartworld/sozai/tileset/pack/sample-map-xp03.zip,sample-map-xp03/Graphics/Autotiles/SA-FloorS05.png,1190,b7613a997e3d997c6972de9f8a163dc6691d3cbc0578ca1c8b921e3ba6896235,True,96,128,sample_package_image
sample-map-xp03.zip,https://yms.main.jp/dotartworld/sozai/tileset/pack/sample-map-xp03.zip,sample-map-xp03/Graphics/Autotiles/SA-Floor-T10.png,3501,e03044b630a28c63b68c8df309ec26f0fe2b6c5dfe5e4db0918875e18dc8d5c1,True,96,128,sample_package_image
sample-map-xp03.zip,https://yms.main.jp/dotartworld/sozai/tileset/pack/sample-map-xp03.zip,sample-map-xp03/Graphics/Autotiles/SA-Floor-T11.png,3487,a69c9f48e793ae4f09b00e1fc25c70f9499d882f71409c5f0df157dca197228b,True,96,128,sample_package_image
sample-map-xp03.zip,https://yms.main.jp/dotartworld/sozai/tileset/pack/sample-map-xp03.zip,sample-map-xp03/Graphics/Autotiles/SA-GBorderC01.png,1356,9642a01004988cdeac6b749deded1632129b08704754314608a22dcb7d51ec55,True,96,128,sample_package_image
sample-map-xp03.zip,https://yms.main.jp/dotartworld/sozai/tileset/pack/sample-map-xp03.zip,sample-map-xp03/Graphics/Autotiles/SA-GrassE05.png,3176,123cb2981feae2a4b9c04e2e8e57aa4a589dfba3dda2ad082c9da441377957be,True,96,128,sample_package_image
sample-map-xp03.zip,https://yms.main.jp/dotartworld/sozai/tileset/pack/sample-map-xp03.zip,sample-map-xp03/Graphics/Autotiles/SA-GrassE06.png,3103,59e8b7890b8080c1956fd0c26ee2284e88a4dd0bb556270c07db998580587eeb,True,96,128,sample_package_image
sample-map-xp03.zip,https://yms.main.jp/dotartworld/sozai/tileset/pack/sample-map-xp03.zip,sample-map-xp03/Graphics/Autotiles/SA-Ground03.png,8559,06ea0714b94aa44d33fbb43aa44cabf3b919a8a82d7849cdfe0c785ce9f6080e,True,96,128,sample_package_image
sample-map-xp03.zip,https://yms.main.jp/dotartworld/sozai/tileset/pack/sample-map-xp03.zip,sample-map-xp03/Graphics/Autotiles/SA-GroundG03.png,3911,cbdf0baef512487a69fa044eb2098735b6f274d6dce2d23e0c8aede2ca146688,True,96,128,sample_package_image
sample-map-xp03.zip,https://yms.main.jp/dotartworld/sozai/tileset/pack/sample-map-xp03.zip,sample-map-xp03/Graphics/Autotiles/SA-Kadan03.png,2311,b881857ff045b78ea34372676bb31d4381df6a8efe80e281682b9140d5bfca51,True,96,128,sample_package_image
sample-map-xp03.zip,https://yms.main.jp/dotartworld/sozai/tileset/pack/sample-map-xp03.zip,sample-map-xp03/Graphics/Autotiles/SA-Kyodan01.png,1119,be1f50df169ffaa2ddbb2410e189f5fc58eb270f25a25adb99d646e21327b85d,True,96,128,sample_package_image
sample-map-xp03.zip,https://yms.main.jp/dotartworld/sozai/tileset/pack/sample-map-xp03.zip,sample-map-xp03/Graphics/Autotiles/SA-Nanohana01.png,2485,9128a21dddea796ab801a3915294eb14a04adb16706eb7779d97d522fe3d6b02,True,96,128,sample_package_image
sample-map-xp03.zip,https://yms.main.jp/dotartworld/sozai/tileset/pack/sample-map-xp03.zip,sample-map-xp03/Graphics/Autotiles/SA-Roof01.png,939,a6367b0745b05eae572c7fbde199fce45fdf525b86d8009dcc93c9921552a4de,True,96,128,sample_package_image
sample-map-xp03.zip,https://yms.main.jp/dotartworld/sozai/tileset/pack/sample-map-xp03.zip,sample-map-xp03/Graphics/Autotiles/SA-Roof02.png,808,6bbfe149149d7e8f3044a9c6d3c8ce5df862df34e7d2dbca123c850f1242e80a,True,96,128,sample_package_image
sample-map-xp03.zip,https://yms.main.jp/dotartworld/sozai/tileset/pack/sample-map-xp03.zip,sample-map-xp03/Graphics/Autotiles/SA-Sunoko02.png,1129,2925abaf4d3c36f63686bb155b2e8b40e3a00152273b3a5454bb46dee331ef9c,True,96,128,sample_package_image
sample-map-xp03.zip,https://yms.main.jp/dotartworld/sozai/tileset/pack/sample-map-xp03.zip,sample-map-xp03/Graphics/Autotiles/SA-Undulation02.png,6717,1c009dd959b0d265e337294717154dbd38deda5f518e180b47c45f11f9bfa425,True,96,128,sample_package_image
sample-map-xp03.zip,https://yms.main.jp/dotartworld/sozai/tileset/pack/sample-map-xp03.zip,sample-map-xp03/Graphics/Autotiles/SA-WallA01.png,394,c78e2ec9039483573a30e4dce164f3a833aac733640d34bb6900ecdf2f43f21e,True,96,128,sample_package_image
sample-map-xp03.zip,https://yms.main.jp/dotartworld/sozai/tileset/pack/sample-map-xp03.zip,sample-map-xp03/Graphics/Autotiles/SA-WallA02.png,1451,a3c2eece9fccd48f2d8229a88a2d133fce7a5da8b8f4957269cd33c2c01b2af6,True,96,128,sample_package_image
sample-map-xp03.zip,https://yms.main.jp/dotartworld/sozai/tileset/pack/sample-map-xp03.zip,sample-map-xp03/Graphics/Characters/SC-CtainH01.png,9098,51f32b20d1e816e06d3c4c2a8eb122dcda3af45e1c5a9feb1a0f958be19292cc,True,384,384,sample_package_image
sample-map-xp03.zip,https://yms.main.jp/dotartworld/sozai/tileset/pack/sample-map-xp03.zip,sample-map-xp03/Graphics/Characters/SC-Cupboard02.png,3796,ca061c817a4596bbbe976e43c8cacb1f94d28baa0f52964517a3289c713a7574,True,128,384,sample_package_image
sample-map-xp03.zip,https://yms.main.jp/dotartworld/sozai/tileset/pack/sample-map-xp03.zip,sample-map-xp03/Graphics/Characters/SC-Door01.png,3441,1c8ec1c45a33d1604b20018a976303f8964bd02df5e647e458b934051bc1b524,True,128,256,sample_package_image
sample-map-xp03.zip,https://yms.main.jp/dotartworld/sozai/tileset/pack/sample-map-xp03.zip,sample-map-xp03/Graphics/Characters/SC-Door-Arch01.png,11294,0401cf5e2873d757fcef3719d7b487f8e73e04806ecbf7c3fceb94a2acedf0ae,True,384,384,sample_package_image
sample-map-xp03.zip,https://yms.main.jp/dotartworld/sozai/tileset/pack/sample-map-xp03.zip,sample-map-xp03/Graphics/Characters/SC-Door-AutoBM.png,5274,52342f75955c5bf9b57cc0e8747e47cfffedbc61c6613e908061946243475063,True,384,384,sample_package_image
sample-map-xp03.zip,https://yms.main.jp/dotartworld/sozai/tileset/pack/sample-map-xp03.zip,sample-map-xp03/Graphics/Characters/SC-Door-Convi01.png,5072,7605fad6a899f434a8ac9d79ef2fe611984a534b4f9dbde9d4b1e326289fa612,True,384,256,sample_package_image
sample-map-xp03.zip,https://yms.main.jp/dotartworld/sozai/tileset/pack/sample-map-xp03.zip,sample-map-xp03/Graphics/Characters/SC-Door-Convi02.png,5579,11cc7bc4e5a98c75e0f591a92ca65c3b9e69cc0e40dec3cc51d4bc36e3c2fe0d,True,512,256,sample_package_image
sample-map-xp03.zip,https://yms.main.jp/dotartworld/sozai/tileset/pack/sample-map-xp03.zip,sample-map-xp03/Graphics/Characters/SC-Door-Entce01.png,3722,b31e97d32cc4624b21f348c190a7539b6797f6e40e60abaf26d393c0ccf3c249,True,384,256,sample_package_image
sample-map-xp03.zip,https://yms.main.jp/dotartworld/sozai/tileset/pack/sample-map-xp03.zip,sample-map-xp03/Graphics/Characters/SC-Door-Entce02.png,3674,7a8f218961c463cdfab12a5ca22cdafed8e32701c3a80a25c3c0904a1aec8e62,True,384,256,sample_package_image
sample-map-xp03.zip,https://yms.main.jp/dotartworld/sozai/tileset/pack/sample-map-xp03.zip,sample-map-xp03/Graphics/Characters/SC-Door-Entce04.png,8480,d0999ad74e66bed3d539f93786e7bf9c93c8e29a27470ba119744523ff6efb36,True,384,256,sample_package_image
sample-map-xp03.zip,https://yms.main.jp/dotartworld/sozai/tileset/pack/sample-map-xp03.zip,sample-map-xp03/Graphics/Characters/SC-Door-Entce05.png,7616,331bde9fd50fb2a5cae54f6b78848734fd0ecae529512f531efbcff706cc50c3,True,384,256,sample_package_image
sample-map-xp03.zip,https://yms.main.jp/dotartworld/sozai/tileset/pack/sample-map-xp03.zip,sample-map-xp03/Graphics/Characters/SC-Door-Ev01.png,2407,1a65f58dc43b8199a3bf8544537332ce52b52d7f0efeb6410656eb0cac5f1339,True,384,256,sample_package_image
sample-map-xp03.zip,https://yms.main.jp/dotartworld/sozai/tileset/pack/sample-map-xp03.zip,sample-map-xp03/Graphics/Characters/SC-Door-Schl01.png,4170,3639412cd5fcbe8556cfd119dddaf9e1e05cd9fef9b164eb2bdb01a3978d0df0,True,384,256,sample_package_image
sample-map-xp03.zip,https://yms.main.jp/dotartworld/sozai/tileset/pack/sample-map-xp03.zip,sample-map-xp03/Graphics/Characters/SC-Door-Schl02.png,3736,e4aaa8ebedc71884e949249acccc60c67c9859593d7cc979921548d37a1751c3,True,384,256,sample_package_image
sample-map-xp03.zip,https://yms.main.jp/dotartworld/sozai/tileset/pack/sample-map-xp03.zip,sample-map-xp03/Graphics/Characters/SC-Door-SchlG01.png,3619,2890a4c66fa9daed89e366deac34dea0dd1cf580abebdc152b039ad76a27485e,True,384,256,sample_package_image
sample-map-xp03.zip,https://yms.main.jp/dotartworld/sozai/tileset/pack/sample-map-xp03.zip,sample-map-xp03/Graphics/Characters/SC-Door-Tolt01.png,3825,4243d0d8fd5b0f450581793e9f63fb25b4db321129deda9d94dda052cab6d7b7,True,128,384,sample_package_image
sample-map-xp03.zip,https://yms.main.jp/dotartworld/sozai/tileset/pack/sample-map-xp03.zip,sample-map-xp03/Graphics/Characters/SC-Door-Tolt02.png,2809,7536b931de6a92e4e71ddc09c27af825627107047ba0161ea66304912d5862f7,True,128,384,sample_package_image
sample-map-xp03.zip,https://yms.main.jp/dotartworld/sozai/tileset/pack/sample-map-xp03.zip,sample-map-xp03/Graphics/Characters/SC-Lama01.png,5158,ecd31f0c6639018da94a6a1bf939d018a53426860959f60bea1bb4c9ff65728f,True,192,256,sample_package_image
sample-map-xp03.zip,https://yms.main.jp/dotartworld/sozai/tileset/pack/sample-map-xp03.zip,sample-map-xp03/Graphics/Characters/SC-VdgMacine01.png,9213,227cf6e862cee7b3e6a13eafbdf1eb6e19e68b0e0f7a8dfc17109cc69c3b1275,True,128,384,sample_package_image
sample-map-xp03.zip,https://yms.main.jp/dotartworld/sozai/tileset/pack/sample-map-xp03.zip,sample-map-xp03/Graphics/Tilesets/ST-Convi-E01.png,115437,7b1f15d72ea3142d19a99aa92c378bb9e076f235352e1dad563edc849e20cfa6,True,256,1728,sample_package_image
sample-map-xp03.zip,https://yms.main.jp/dotartworld/sozai/tileset/pack/sample-map-xp03.zip,sample-map-xp03/Graphics/Tilesets/ST-Convi-I01.png,67459,359dc59a170d38b23f4788642f1cd7a45063dfa0db2145aee0a9e1be6755d7b1,True,256,1280,sample_package_image
sample-map-xp03.zip,https://yms.main.jp/dotartworld/sozai/tileset/pack/sample-map-xp03.zip,sample-map-xp03/Graphics/Tilesets/ST-Geru-E01.png,55477,564b92501fda3eb12edfbb299d1c5bdad9292622d484e0e188ab5aaa6db55e1b,True,256,608,sample_package_image
sample-map-xp03.zip,https://yms.main.jp/dotartworld/sozai/tileset/pack/sample-map-xp03.zip,sample-map-xp03/Graphics/Tilesets/ST-Geru-I01.png,67686,45863d4e787423a52c13021647c1f235b56328530d532d2874648a4f44b6dff0,True,256,992,sample_package_image
sample-map-xp03.zip,https://yms.main.jp/dotartworld/sozai/tileset/pack/sample-map-xp03.zip,sample-map-xp03/Graphics/Tilesets/ST-Hospital-I01.png,81941,0a1bb926828cb137f95f0a2308c7580884764c6d40eba299d76423f5d3bc5176,True,256,1856,sample_package_image
sample-map-xp03.zip,https://yms.main.jp/dotartworld/sozai/tileset/pack/sample-map-xp03.zip,sample-map-xp03/Graphics/Tilesets/ST-Office-I01.png,61228,c6a8232f21c6554a8d2ae7c01433269cc6b7987aeb6a993193211138f6d909e9,True,256,1856,sample_package_image
sample-map-xp03.zip,https://yms.main.jp/dotartworld/sozai/tileset/pack/sample-map-xp03.zip,sample-map-xp03/Graphics/Tilesets/ST-Outside-Test01.png,117987,401e278eef3ecadecbfecda1d9d9a01cd42565c96403a77cfe28dec518e3df91,True,256,1728,sample_package_image
sample-map-xp03.zip,https://yms.main.jp/dotartworld/sozai/tileset/pack/sample-map-xp03.zip,sample-map-xp03/Graphics/Tilesets/ST-Schl-E01.png,128501,8d9714def678137b8bc9cbcc3f70c411ddcf87c8b82287f13723f20494660412,True,256,1824,sample_package_image
sample-map-xp03.zip,https://yms.main.jp/dotartworld/sozai/tileset/pack/sample-map-xp03.zip,sample-map-xp03/Graphics/Tilesets/ST-Schl-Gym.png,59037,3eb4c7108b7b40676add21d95ea655cd8c24f596aee460942dadcd98bac36d92,True,256,1600,sample_package_image
sample-map-xp03.zip,https://yms.main.jp/dotartworld/sozai/tileset/pack/sample-map-xp03.zip,sample-map-xp03/Graphics/Tilesets/ST-Schl-I01.png,59145,968cf744994c012c8a973019ccb175b4a3c6703e69b9ac659881a109212dc4b9,True,256,1600,sample_package_image
sample-map-xp03.zip,https://yms.main.jp/dotartworld/sozai/tileset/pack/sample-map-xp03.zip,sample-map-xp03/Graphics/Tilesets/ST-Schl-I02.png,70021,04a11f58da08579cef524701bc7450ac69e2b0bcc6600f6e2d0b6c2d39954d54,True,256,1600,sample_package_image
sample-map-xp03.zip,https://yms.main.jp/dotartworld/sozai/tileset/pack/sample-map-xp03.zip,sample-map-xp03/Graphics/Tilesets/ST-Toilet-I01.png,46655,a77f7d19017c0282a54dc8f27264ae423af6bf862b15795036758ce9e9e51608,True,256,1376,sample_package_image
sample-map-xp03.zip,https://yms.main.jp/dotartworld/sozai/tileset/pack/sample-map-xp03.zip,sample-map-xp03/Readme.txt,798,51bd095671003c1c0ce9338123dce9ce705f2217d532b6a0f84efefcb4356c03,False,,,non_image_archive_member
sample-map-xp03.zip,https://yms.main.jp/dotartworld/sozai/tileset/pack/sample-map-xp03.zip,sample-map-xp03/RGSS104J.dll,761856,beb9c9a6ce5ceaa9d562e2906d4be7027a85a1c937266daaae743f272b296cf3,False,,,non_image_archive_member
dotartworld_vxasample.zip,https://yms.main.jp/dotartworld/vx/sozai/dotartworld_vxasample.zip,Sample Map VX Ace/Data/Actors.rvdata2,3032,3dc645145659e869f51f27367619a1ce7a51ccef963617b237b3d1f466fb78d5,False,,,non_image_archive_member
dotartworld_vxasample.zip,https://yms.main.jp/dotartworld/vx/sozai/dotartworld_vxasample.zip,Sample Map VX Ace/Data/Animations.rvdata2,218459,b3b93be82f2cdf59e6bae8660a75fe12b284a8d9372932bbba90fd66974996ae,False,,,non_image_archive_member
dotartworld_vxasample.zip,https://yms.main.jp/dotartworld/vx/sozai/dotartworld_vxasample.zip,Sample Map VX Ace/Data/Armors.rvdata2,11472,f88031fa6eb97e662efe2de605c0436f5dc8ef85e99fd4358c80845fccb384c3,False,,,non_image_archive_member
dotartworld_vxasample.zip,https://yms.main.jp/dotartworld/vx/sozai/dotartworld_vxasample.zip,Sample Map VX Ace/Data/Classes.rvdata2,21072,591b1a383b2b08f3740fc2ffe55cfff042dc0bdb364e5f92123b3ea966eac8e9,False,,,non_image_archive_member
dotartworld_vxasample.zip,https://yms.main.jp/dotartworld/vx/sozai/dotartworld_vxasample.zip,Sample Map VX Ace/Data/CommonEvents.rvdata2,2829,344b8a7425d8084b41b79603a946375f7a06b0e4003986475f7de8aaca40bdc6,False,,,non_image_archive_member
dotartworld_vxasample.zip,https://yms.main.jp/dotartworld/vx/sozai/dotartworld_vxasample.zip,Sample Map VX Ace/Data/Enemies.rvdata2,11291,a78477a004e6b623615d8216d33c50d7cb45312115828bc6d4e1511db96aa23e,False,,,non_image_archive_member
dotartworld_vxasample.zip,https://yms.main.jp/dotartworld/vx/sozai/dotartworld_vxasample.zip,Sample Map VX Ace/Data/Items.rvdata2,3712,ff41a3e01c537fed9e45b9135f6d39676e20970bbc58320a598332af95ab37e9,False,,,non_image_archive_member
dotartworld_vxasample.zip,https://yms.main.jp/dotartworld/vx/sozai/dotartworld_vxasample.zip,Sample Map VX Ace/Data/Map001.rvdata2,80478,7054f1fd61538d42042fcaab1162f32c710afdbcbbbea55b2e4bf0e1f097ff35,False,,,non_image_archive_member
dotartworld_vxasample.zip,https://yms.main.jp/dotartworld/vx/sozai/dotartworld_vxasample.zip,Sample Map VX Ace/Data/Map002.rvdata2,7399,0e6d0188bbf3c49515d2cec479fe3bfe8242903cb6b65d7695c295249e59d890,False,,,non_image_archive_member
dotartworld_vxasample.zip,https://yms.main.jp/dotartworld/vx/sozai/dotartworld_vxasample.zip,Sample Map VX Ace/Data/Map003.rvdata2,16352,1fa37ddbac22c192a0091ef54cfdd85086743ba71c86cc1f141076def6a0cf29,False,,,non_image_archive_member
dotartworld_vxasample.zip,https://yms.main.jp/dotartworld/vx/sozai/dotartworld_vxasample.zip,Sample Map VX Ace/Data/Map004.rvdata2,5587,2fc66effca10f38e960a7d4e1aa92bf865a64a1986894fd25e16dad07a995352,False,,,non_image_archive_member
dotartworld_vxasample.zip,https://yms.main.jp/dotartworld/vx/sozai/dotartworld_vxasample.zip,Sample Map VX Ace/Data/Map005.rvdata2,13708,6a3f7ecdad9ae0c73429f69bc0e0e35c75755d505e645d240deefedcdf885d3b,False,,,non_image_archive_member
dotartworld_vxasample.zip,https://yms.main.jp/dotartworld/vx/sozai/dotartworld_vxasample.zip,Sample Map VX Ace/Data/Map006.rvdata2,4770,aeaa6949c396c8359d48aae4ffea6804cb6249f44b027f8f1b84a7f565b79792,False,,,non_image_archive_member
dotartworld_vxasample.zip,https://yms.main.jp/dotartworld/vx/sozai/dotartworld_vxasample.zip,Sample Map VX Ace/Data/Map007.rvdata2,6996,f24874cc5a029f2eff16617c0114f6579876d86a409415e4ff40ea7d1c66b7f7,False,,,non_image_archive_member
dotartworld_vxasample.zip,https://yms.main.jp/dotartworld/vx/sozai/dotartworld_vxasample.zip,Sample Map VX Ace/Data/Map008.rvdata2,5027,ce2fc2d9540d276cb9e381b41f50e12c185430e9ea70bcd4429aa8012996038b,False,,,non_image_archive_member
dotartworld_vxasample.zip,https://yms.main.jp/dotartworld/vx/sozai/dotartworld_vxasample.zip,Sample Map VX Ace/Data/Map009.rvdata2,4975,8166f32d30c7d5328946ea81c704cf93646d0d7811538e5282e4cbbe183b1c3d,False,,,non_image_archive_member
dotartworld_vxasample.zip,https://yms.main.jp/dotartworld/vx/sozai/dotartworld_vxasample.zip,Sample Map VX Ace/Data/Map010.rvdata2,3588,0d66edfeebd3dbf394a4b15c12a53cc77a6939d09f473e35e2e65e94c5ec2cb8,False,,,non_image_archive_member
dotartworld_vxasample.zip,https://yms.main.jp/dotartworld/vx/sozai/dotartworld_vxasample.zip,Sample Map VX Ace/Data/Map011.rvdata2,5117,7d83618ac08b61ec8a6669b678a1ee18241c95e75a141b9d50f8805992463d81,False,,,non_image_archive_member
dotartworld_vxasample.zip,https://yms.main.jp/dotartworld/vx/sozai/dotartworld_vxasample.zip,Sample Map VX Ace/Data/Map012.rvdata2,8887,dacf35d45d7823056f609b3375e82ebe343d10938427c226c72aa6f8137b136e,False,,,non_image_archive_member
dotartworld_vxasample.zip,https://yms.main.jp/dotartworld/vx/sozai/dotartworld_vxasample.zip,Sample Map VX Ace/Data/Map013.rvdata2,4437,365e129b793be121f6ded4c9d3624a7fa9cd91f4a57d36c0e8eca850684af984,False,,,non_image_archive_member
dotartworld_vxasample.zip,https://yms.main.jp/dotartworld/vx/sozai/dotartworld_vxasample.zip,Sample Map VX Ace/Data/Map014.rvdata2,5605,a2fc71e0f8418d3f7a4d3b6095259227eabe2c1c52ffeb455d7677acaa9e3335,False,,,non_image_archive_member
dotartworld_vxasample.zip,https://yms.main.jp/dotartworld/vx/sozai/dotartworld_vxasample.zip,Sample Map VX Ace/Data/Map015.rvdata2,4778,c14c6ff95fd0e803e8ad44fafa1ce1e7113f4fcc9816d3c4f9f4f22273110d89,False,,,non_image_archive_member
dotartworld_vxasample.zip,https://yms.main.jp/dotartworld/vx/sozai/dotartworld_vxasample.zip,Sample Map VX Ace/Data/Map016.rvdata2,3326,c6561ca2c2a197635f5b9bca4e054808edf44e18f6172007199923ee633ac180,False,,,non_image_archive_member
dotartworld_vxasample.zip,https://yms.main.jp/dotartworld/vx/sozai/dotartworld_vxasample.zip,Sample Map VX Ace/Data/Map017.rvdata2,4481,1b3e929d016d2220d5623d66bd9d0e7e9fdf48ffb132c38f748c13769c641d5b,False,,,non_image_archive_member
dotartworld_vxasample.zip,https://yms.main.jp/dotartworld/vx/sozai/dotartworld_vxasample.zip,Sample Map VX Ace/Data/Map018.rvdata2,3834,34073fbe60a75235c8d2304ef71fd4d42312f811fee7be9581917e646f9fabd0,False,,,non_image_archive_member
dotartworld_vxasample.zip,https://yms.main.jp/dotartworld/vx/sozai/dotartworld_vxasample.zip,Sample Map VX Ace/Data/Map019.rvdata2,16025,b73b380db896fb108740c88ac761f48203d79e81ae146405955f1815e4521eda,False,,,non_image_archive_member
dotartworld_vxasample.zip,https://yms.main.jp/dotartworld/vx/sozai/dotartworld_vxasample.zip,Sample Map VX Ace/Data/MapInfos.rvdata2,1016,84ca4ec9938c76e50dd7ba7ca0df47ba5a202d26f92a3434a878409f3d070d08,False,,,non_image_archive_member
dotartworld_vxasample.zip,https://yms.main.jp/dotartworld/vx/sozai/dotartworld_vxasample.zip,Sample Map VX Ace/Data/Scripts.rvdata2,157666,6bed391eed25f12c824b8d3cec48ccc2be0dc620f5b47bee62ae8bbfa4309925,False,,,non_image_archive_member
dotartworld_vxasample.zip,https://yms.main.jp/dotartworld/vx/sozai/dotartworld_vxasample.zip,Sample Map VX Ace/Data/Skills.rvdata2,35520,07411094702745939d4637261528da536b5328c06a9e1eceaf956804d88ff23d,False,,,non_image_archive_member
dotartworld_vxasample.zip,https://yms.main.jp/dotartworld/vx/sozai/dotartworld_vxasample.zip,Sample Map VX Ace/Data/States.rvdata2,5289,c93ba3aa5fcf95858c7928dc1c4e2f9759a8bdf68c76b88c0bc5c980c5927307,False,,,non_image_archive_member
dotartworld_vxasample.zip,https://yms.main.jp/dotartworld/vx/sozai/dotartworld_vxasample.zip,Sample Map VX Ace/Data/System.rvdata2,4582,2a11fbce0fae316e69c7f79c0bc13bb72255456eb13daac3b90860a91521f758,False,,,non_image_archive_member
dotartworld_vxasample.zip,https://yms.main.jp/dotartworld/vx/sozai/dotartworld_vxasample.zip,Sample Map VX Ace/Data/Tilesets.rvdata2,165486,3185170f6acc2adb413a811ee8afdfc7cbb96f577442215c391abf4330936ac8,False,,,non_image_archive_member
dotartworld_vxasample.zip,https://yms.main.jp/dotartworld/vx/sozai/dotartworld_vxasample.zip,Sample Map VX Ace/Data/Troops.rvdata2,5106,73640aa888f3db20e5e9fd799e613a8aada2450932716f582fe6cb76ac043820,False,,,non_image_archive_member
dotartworld_vxasample.zip,https://yms.main.jp/dotartworld/vx/sozai/dotartworld_vxasample.zip,Sample Map VX Ace/Data/Weapons.rvdata2,13288,fd584ec036ecfe74a2f55ac59b9edae2f7cdb52a95f8d6842d5804895575d7e5,False,,,non_image_archive_member
dotartworld_vxasample.zip,https://yms.main.jp/dotartworld/vx/sozai/dotartworld_vxasample.zip,Sample Map VX Ace/Game.exe,140800,e5435c0e86a8181a3d88206d5dd47145f2aa768afcae6d8c2ae449f8601a8724,False,,,non_image_archive_member
dotartworld_vxasample.zip,https://yms.main.jp/dotartworld/vx/sozai/dotartworld_vxasample.zip,Sample Map VX Ace/Game.ini,112,11a6ca75cc3616f98758f6571f6aeff544ee0ef34aa7653b7cb1e278405b9bf9,False,,,non_image_archive_member
dotartworld_vxasample.zip,https://yms.main.jp/dotartworld/vx/sozai/dotartworld_vxasample.zip,Sample Map VX Ace/Game.rvproj2,13,4076754b3396c079b1b1978acf564a980c5d3ef445f6a92af009e302c1d656a2,False,,,non_image_archive_member
dotartworld_vxasample.zip,https://yms.main.jp/dotartworld/vx/sozai/dotartworld_vxasample.zip,Sample Map VX Ace/Graphics/Characters/!$D-ChTree01.png,69393,1d9f4f4cfbbb7c9ae0d0c43f5fd63f95892679eed6b99ba468f82ea6274cf7c3,True,288,512,sample_package_image
dotartworld_vxasample.zip,https://yms.main.jp/dotartworld/vx/sozai/dotartworld_vxasample.zip,Sample Map VX Ace/Graphics/Characters/!$DC-Lama01.png,6855,c6122fb387826121d0ad41ae8c3d82a0d86c79e7fb800be135e30069bbc3e3bf,True,144,256,sample_package_image
dotartworld_vxasample.zip,https://yms.main.jp/dotartworld/vx/sozai/dotartworld_vxasample.zip,Sample Map VX Ace/Graphics/Characters/!$DLight01.png,7405,0d6943710e869d47b7f538b3e7967ec63cf1db7c3f33bb4aa8a96dc54c9b9990,True,96,128,sample_package_image
dotartworld_vxasample.zip,https://yms.main.jp/dotartworld/vx/sozai/dotartworld_vxasample.zip,Sample Map VX Ace/Graphics/Characters/!$DPointer01.png,819,acfb64242547aa62c77c136f0524be6b6ff1d42d90991835ca98d8444d3d1333,True,96,128,sample_package_image
dotartworld_vxasample.zip,https://yms.main.jp/dotartworld/vx/sozai/dotartworld_vxasample.zip,Sample Map VX Ace/Graphics/Characters/!$DUnko01.png,1814,c2f93a93d6250f8b82a90bf7373fa6b9a144da6dd1daca7fa578da53d3a56293,True,72,96,sample_package_image
dotartworld_vxasample.zip,https://yms.main.jp/dotartworld/vx/sozai/dotartworld_vxasample.zip,Sample Map VX Ace/Graphics/Characters/!$Wallrion01.png,4641,51f5f33792ab68a8742488ce3038bb92c1f373d9d44cfad181b0c9d3422fd2d8,True,96,384,sample_package_image
dotartworld_vxasample.zip,https://yms.main.jp/dotartworld/vx/sozai/dotartworld_vxasample.zip,Sample Map VX Ace/Graphics/Characters/!DDoor-Home01.png,29538,63e950b7484d52ad7b7f80e0167cf2339aeb98e20e047b06b4b29d0239ea8293,True,384,512,sample_package_image
dotartworld_vxasample.zip,https://yms.main.jp/dotartworld/vx/sozai/dotartworld_vxasample.zip,Sample Map VX Ace/Graphics/Characters/$DC-Lama01.png,6855,c6122fb387826121d0ad41ae8c3d82a0d86c79e7fb800be135e30069bbc3e3bf,True,144,256,sample_package_image
dotartworld_vxasample.zip,https://yms.main.jp/dotartworld/vx/sozai/dotartworld_vxasample.zip,Sample Map VX Ace/Graphics/Tilesets/A2I-Modern01.png,142685,d34c064c69d66a2150fd17020dbb596bd35bbcb18e47092fbebca6860dd51347,True,512,384,sample_package_image
dotartworld_vxasample.zip,https://yms.main.jp/dotartworld/vx/sozai/dotartworld_vxasample.zip,Sample Map VX Ace/Graphics/Tilesets/A4I-Modern01.png,56643,669abca60ad96fe7a46e632cf03f3c036b5ea12c46db279492c32459b5473d30,True,512,480,sample_package_image
dotartworld_vxasample.zip,https://yms.main.jp/dotartworld/vx/sozai/dotartworld_vxasample.zip,Sample Map VX Ace/Graphics/Tilesets/A5I-Modern01.png,69878,f9138f3ac2d9ed12d448368586326598bd5ab1d2691e08c351dd01c9feae1608,True,256,512,sample_package_image
dotartworld_vxasample.zip,https://yms.main.jp/dotartworld/vx/sozai/dotartworld_vxasample.zip,Sample Map VX Ace/Graphics/Tilesets/BI-Bath01.png,98903,ba9335f94ae55415c4b6697488a0931279cf3cdaf2fde97cbcff64c8045b4045,True,512,512,sample_package_image
dotartworld_vxasample.zip,https://yms.main.jp/dotartworld/vx/sozai/dotartworld_vxasample.zip,Sample Map VX Ace/Graphics/Tilesets/BI-Bath02.png,87568,733462fbccac4c37a8c99ddde298f6790bfc4043bd0f6ab69c11c5b8e24b2f67,True,512,512,sample_package_image
dotartworld_vxasample.zip,https://yms.main.jp/dotartworld/vx/sozai/dotartworld_vxasample.zip,Sample Map VX Ace/Graphics/Tilesets/BI-ModernB01.png,93935,39be4a108993991815d7a904087fa661cf5b91f5d262595cd962c2943d7ad96f,True,512,512,sample_package_image
dotartworld_vxasample.zip,https://yms.main.jp/dotartworld/vx/sozai/dotartworld_vxasample.zip,Sample Map VX Ace/Graphics/Tilesets/BI-ModernF01.png,114537,5114937a07aba57d9aaf831b6e05e6117408d22f9c016324762f4ed39ac31fab,True,512,512,sample_package_image
dotartworld_vxasample.zip,https://yms.main.jp/dotartworld/vx/sozai/dotartworld_vxasample.zip,Sample Map VX Ace/Graphics/Tilesets/BI-ModernS01.png,118153,b145d839f15a743a232644c72db2dff8fe0469b1e569e5a139d66860a8932154,True,512,512,sample_package_image
dotartworld_vxasample.zip,https://yms.main.jp/dotartworld/vx/sozai/dotartworld_vxasample.zip,Sample Map VX Ace/Readme.txt,3073,a55f7604d95f07ff80faac1cd0be06c86e6a4798ccdd34606a026938fae34edf,False,,,non_image_archive_member
dotartworld_vxasample.zip,https://yms.main.jp/dotartworld/vx/sozai/dotartworld_vxasample.zip,Sample Map VX Ace/System/RGSS301.dll,1085952,27647690ed16218cd988dd71069fdca67207515b2a2df775be361f0198ab6876,False,,,non_image_archive_member
European-StyleHouseSet.zip,https://yms.main.jp/dotartworld/vx/sozai/European-StyleHouseSet.zip,European-StyleHouseSet/Characters/!$PCandle01.png,13448,96b7f152b12c78b7ebf71611ed9ca2ef8b981792aba4cfbd2ed9475c6d3b3d9b,True,96,256,event_or_character_sprite
European-StyleHouseSet.zip,https://yms.main.jp/dotartworld/vx/sozai/European-StyleHouseSet.zip,European-StyleHouseSet/Characters/!$PCandle02.png,13982,cd4ebf700708590d2ae86f4970f5bdc99e1ac944407ace90ff3adc52e0c59e0e,True,96,256,event_or_character_sprite
European-StyleHouseSet.zip,https://yms.main.jp/dotartworld/vx/sozai/European-StyleHouseSet.zip,European-StyleHouseSet/Characters/!$PCandle03.png,13498,73ed7d84ba04b830536d1ffa0c2437bc64f1d4059e6d9da3fb46c24216b44441,True,96,256,event_or_character_sprite
European-StyleHouseSet.zip,https://yms.main.jp/dotartworld/vx/sozai/European-StyleHouseSet.zip,European-StyleHouseSet/Characters/!$PCandle04.png,13978,761a328a12a4c297051e0dcb91604e7013d3595a1d34646aa330ca8b2fd4daf9,True,96,256,event_or_character_sprite
European-StyleHouseSet.zip,https://yms.main.jp/dotartworld/vx/sozai/European-StyleHouseSet.zip,European-StyleHouseSet/Characters/!$PFire01.png,6720,fca83ebc2d3b0248f14a98d9d72d746f276c2c5a1a4e0286ec5caa93ba1ad182,True,96,128,event_or_character_sprite
European-StyleHouseSet.zip,https://yms.main.jp/dotartworld/vx/sozai/European-StyleHouseSet.zip,European-StyleHouseSet/Characters/!$PLight01.png,11081,ef678188d1bc4675a13635d164cd7ac1962d9c1b8a648ab7100821f62528f778,True,96,128,event_or_character_sprite
European-StyleHouseSet.zip,https://yms.main.jp/dotartworld/vx/sozai/European-StyleHouseSet.zip,European-StyleHouseSet/EuropeanI-A201.png,201743,56f1d186c8071b863d134be4adc47a31894500cc99536bd72d31ff54f9a3ec6c,True,512,384,tileset
European-StyleHouseSet.zip,https://yms.main.jp/dotartworld/vx/sozai/European-StyleHouseSet.zip,European-StyleHouseSet/EuropeanI-A401.png,82220,31789ae0b5ee68b15c4c720d5a6cbec85b25a0fe0137039e9c6bf682deb16a55,True,512,480,tileset
European-StyleHouseSet.zip,https://yms.main.jp/dotartworld/vx/sozai/European-StyleHouseSet.zip,European-StyleHouseSet/EuropeanI-B01.png,145491,f686033f2ab073301116a75820f0b07b8bc61ea66ed2a4dc782d2714f3d16f82,True,512,512,tileset
European-StyleHouseSet.zip,https://yms.main.jp/dotartworld/vx/sozai/European-StyleHouseSet.zip,European-StyleHouseSet/EuropeanI-C01.png,162958,b2b5797cb0de219092e6feed54e170be078d862f83e7395b77d45cb47fcc3459,True,512,512,tileset
European-StyleHouseSet.zip,https://yms.main.jp/dotartworld/vx/sozai/European-StyleHouseSet.zip,European-StyleHouseSet/EuropeanI-D01.png,152118,6c431f4bdda935cecb9599940cff918c4c21f125c793aabcdf74116000d8177e,True,512,512,tileset
European-StyleHouseSet.zip,https://yms.main.jp/dotartworld/vx/sozai/European-StyleHouseSet.zip,European-StyleHouseSet/EuropeanI-E01.png,85443,2b38297dd1bfb0e0fd6f86165b0b9ac52a20e59d2fc097082408435d63578eb2,True,512,512,tileset
European-StyleHouseSet.zip,https://yms.main.jp/dotartworld/vx/sozai/European-StyleHouseSet.zip,European-StyleHouseSet/ModernI-A501.png,96803,4563db249460d187baa7356e21ea94daf2885ae0e66a697165ea093e0efe093c,True,256,512,tileset
